x,y,z
72.1445868570739,9.068462689841898,-40.58672599413081
32.63069135912464,3.3136474015167505,-14.858332645787051
18.396276666804624,0.5738500090706047,-9.508747228236157
108.0117143906189,11.140912454045186,-42.738996484746636
51.83313505755476,5.236424733221654,-21.57915329815608
64.12636885536566,10.13344453396168,-23.470653911945437
15.357661218986085,2.956477481762188,-6.610243584760729
28.92402005319417,7.700935377503221,-11.801007023302722
33.82757327029612,9.193674508204154,-17.0022950986208
57.18555789981414,17.708931088972943,-25.036749665491357
79.16527758594424,24.240310119077797,-38.61764694683048
55.537098731017046,21.67364566552481,-26.75755976495489
38.277140807417496,12.60023570051025,-22.057886790433827
54.891094401563464,19.890096884365214,-35.884161357522785
44.99446283115152,11.486483720584095,-30.176459456919673
39.22613805141125,8.834024624040813,-27.88127514342804
36.764068803349204,4.461513188706063,-23.281007457770976
67.23942488953884,6.6587800203010445,-40.855739432313754
44.78476331954636,-0.39671865699305237,-27.935479352330518
72.25915299134606,0.7290094640339725,-43.01946260064444
74.50827212020747,-0.9522360800600123,-36.43975755616741
53.930296449165354,-4.224794075852989,-27.107771592264903
40.46210270830282,-1.0467494277838068,-16.534075893941207
27.330277613907082,-2.4108319672680434,-9.946774848361414
30.416841683727707,0.9412735574813009,-10.066038491953856
40.889217050807744,2.249145219776081,-10.428384655045576
88.82513155883716,7.477251519930209,-24.797311539833945
38.22793962193214,5.818526476552915,-8.686167248780109
90.34763444972114,17.111275932652873,-27.811779515340312
118.54757532428576,12.931936149311241,-23.85512112159195
110.18921766653793,26.963193994556576,-26.522294852305738
56.11391052485393,13.013416335279702,-13.619803675706523
75.30426791855525,17.20076291787826,-16.539223555574935
23.9990898625266,5.916947744621447,-5.07260521826315
52.68507784470591,18.733402885842533,-12.617446368733436
96.70157661307408,28.648337382845398,-24.637064112207497
122.43235344536882,34.92082816477313,-30.45927933517467
77.35135140709333,22.593201458656235,-13.707080072715467
197.61880300442124,70.83722702658794,-74.57374371377372
84.9742494978123,32.565969380091246,-25.94222469481866
29.577009686178947,10.950120670996482,-7.509849643847638
34.79293025368006,15.983733379461574,-12.098808264560496
36.634805973706776,23.498800155600627,-19.86725829976831
12.694175600069364,5.555851252783794,-5.9566916633927836
87.47643774481992,38.48268011569249,-43.546269809102085
57.14123133416633,33.96887604503227,-35.25713502403074
37.62109114029971,18.754598232605225,-21.674110707028866
155.3958637728041,81.5586530837881,-84.00367669973457
33.566225539913304,17.554686666517313,-22.060798610702147
44.08243704154513,19.915622095239588,-33.96198197475199
65.52020522073289,34.04328179909707,-54.24791111292668
48.805377392537274,19.41076348630321,-40.97384412582084
21.16740009107804,9.136434322583495,-20.493819698142566
33.67335921371637,9.76900518501356,-28.97107567503919
60.36709761857171,17.279254078078797,-53.315012348394816
44.085831213049985,6.411198766682348,-42.08510429296011
35.89413233717838,7.133554732271637,-28.969473854838764
12.93694530207497,2.816210079201502,-12.490329237211029
67.05711764703051,7.955877292077936,-50.27605365926002
45.11472538931096,2.039595280622858,-37.64404602275449
24.611711541243153,-0.08221686340350387,-21.45445458329054
18.761663344307603,-4.84436694038011,-9.619548146563405
53.89738285727635,-11.7842849946119,-27.70128781097893
63.673388696535234,-15.896662295840054,-22.18195089601887
43.55060529141491,-6.83249116962412,-16.8545266694338
19.621865719347184,-2.8128347994477667,-4.791202664326866
76.60291610385003,-9.040138684623871,-18.680103847396396
48.762340725346164,-4.139778649743822,-13.161031526018604
97.05476968440693,-15.924428427262859,-23.440607617842815
48.39126425515861,-0.8671314645043637,-6.8763394345691395
81.58406243571054,-4.647222207337382,-11.03865982627843
42.402264772708875,4.573461880970125,-3.061065645176628
116.80650841391511,15.336070976756606,-6.293478752313231
77.1291482185208,17.069196641223712,-7.143613001614017
41.665832205119415,9.976045318489524,-1.4932590107812658
89.92583434690617,23.54839625389799,-4.061562446990986
41.432591569571194,14.882221279831569,-3.4617487996803065
85.17858511396123,29.57801298967494,-5.326666475704358
40.693359671993505,20.93515610098675,-6.970472939320755
73.66254107926957,55.10375163346771,-21.473774658655422
40.69549040103478,26.862536472714595,-8.575462218206603
92.39515204131655,56.69721942471212,-28.12324597998494
26.624300061503995,22.35042807227653,-12.300345160171412
12.328017350436586,10.47124559024033,-5.539580171912478
41.087967184454484,31.258640880080847,-19.13473309186046
53.720530858462844,42.41553686193636,-23.515238750492717
22.626609099275434,16.286820155138642,-14.705266196954707
40.14864922459937,33.17694749434373,-26.3845398954919
66.52355608122953,59.359133690437034,-39.28629454028664
24.219350185319477,18.835021724925536,-20.21665777829995
46.81536533721393,35.23170927404939,-52.61839237475016
22.334656976839387,14.969919023029579,-22.20317253584203
71.26484973993395,49.91338023558802,-68.6816695319041
33.36498048455167,21.755033050558215,-34.54530227500309
23.601054417397346,13.753904697141008,-30.199166905250962
15.786643510149151,8.268033388111977,-19.550960855503675
26.0711590884313,8.368533568464642,-32.64678374420282
36.242879048030304,12.54310478363278,-46.63565895093813
17.970857409298503,5.519244286294521,-23.140685522861787
49.81819686278745,20.079908285688408,-67.3564558677377
60.52128422490662,16.961799240544117,-83.39768411524335
53.55605811290663,3.387361088480434,-66.54984258528204
28.628075306769375,3.943391780304508,-34.6790303540499
29.876075348314018,-1.8329214044783226,-31.08025854798586
86.99795285980272,-5.024048102979462,-89.88217540769139
62.695523631430696,-6.861909469945284,-74.70310317476758
64.33052137238039,-11.76500655535695,-56.96541217452678
30.689719949332588,-6.845043226579261,-27.444812981075106
84.32692880271851,-10.762504414477611,-72.61635051846224
33.46825865083998,-16.24442388395936,-23.75476984252937
78.65234459357382,-45.2066207324686,-62.172406899551454
54.61634563758739,-22.84952507861392,-45.06301591891078
78.01583740687448,-28.285316184578015,-63.10709302682944
14.452620466612027,-5.41073140349594,-7.76063177231157
38.976553011278114,-19.180834069856353,-20.18417217104589
70.6832015722283,-35.4265231476567,-32.85655553813354
58.127337276323175,-20.655102683459802,-17.003799109292537
45.295592941541116,-10.841508084913327,-5.109521784572362
53.75256856864784,-3.7808654156534636,2.0819033029304874
18.012402866718507,-1.9277255619810383,0.3473577399311506
57.94642216219435,2.9536221528516347,4.492283510941644
100.24269325642967,1.4391295205405734,12.776251422861499
55.95680861735901,10.982261832008168,4.74963852919633
95.19301698476686,20.583797126440476,12.861268134162215
76.6732628117058,18.623043367224483,14.375264864409916
17.082427099035996,8.092486161321231,1.2810293407312254
52.49333997947313,23.313069872508958,3.0073119205699412
57.93126354555841,41.187356669002156,-2.829767769631077
30.508668550169535,19.35239574063133,-0.1553055945937246
109.01568442392184,89.80695469788628,-14.464286026468619
51.77384234592835,48.13458219154279,-8.692477137542461
26.158474064800554,22.687946849282504,-4.081999904396474
78.38103858253953,64.19871127487596,-13.764887588912377
67.04301147403805,49.03144294552995,-7.7411352077822215
41.24709698190116,44.35202822256039,-18.152827133518752
7.996400764028806,7.940613597028254,-2.4609788145381057
32.48783132729718,33.94326271668551,-20.440561449928744
9.441262894042614,11.028044698137954,-6.832413702440951
35.35214448102224,41.07361179244616,-41.09876123421732
17.408280293753823,22.79736776491423,-19.33984471437087
51.61028886678963,57.00989118422734,-54.02512004702707
42.20851041924661,59.30790930998809,-48.26942288129314
14.090881538542723,15.572961840728288,-21.73672753837954
27.455883795065446,29.24726964347243,-40.731090338815065
22.7923226735485,18.581130477557007,-41.275367293664445
44.427796591888956,35.141645381608555,-88.69355140644237
8.962755974830499,7.415605000174497,-14.789593033385765
70.9141808774883,56.37969713485829,-114.2248762515413
27.767403722885366,11.26952812349353,-50.49702370318491
9.362784783929493,4.753399256696684,-17.870320201970653
58.781598022140024,18.07069538501196,-95.44218807523866
4.068930299590613,1.7677562760448957,-6.632672539368937
23.63893025602559,2.065762841223536,-41.41229816030715
46.34765777185022,-2.816781756745722,-74.32881655168171
37.00706148302075,-8.286634973149452,-53.28520955705085
77.5736899504617,-9.272874119823218,-103.66755546391448
100.81603568183229,-23.269562919706765,-170.88933692818534
24.397143512902634,-9.430791556371682,-27.92897655096177
50.766506038917136,-20.068066264133414,-54.589589486093345
68.83619882605387,-26.05463239863464,-77.78564408640932
30.347166126587368,-21.412149174688736,-25.2449289793976
48.225317106709774,-32.64641131242799,-44.02643694857553
16.366675937301498,-10.823155838369239,-16.089667160855726
28.797591158941884,-19.62152674998094,-13.864328780540736
61.89595886405641,-41.25949379946519,-32.792782771509124
82.61574767260267,-56.053155383130964,-46.7917801063951
28.63560130573227,-16.307903615731245,-4.595842213492988
44.86290635809113,-24.410185561780178,-14.490977795661777
81.71977159303977,-46.84087068729236,-23.54411746428461
62.759430461354775,-39.81578911875919,-20.445735131160053
121.79547099727515,-77.61184535849227,-34.63579020633227
37.573786821259766,-14.29122779828348,-0.7209246479020036
89.08002074286186,-27.089859476850297,0.749939082585129
102.10546602371224,-31.950103432276926,-4.3985010712287504
66.62390008391597,-25.313632088330152,-0.5693308035632354
101.75412127076622,-13.095573878154974,15.847274193364
22.000289448017277,-4.9056491539474685,2.9344018322537764
75.67426326346325,-14.331614929334213,9.308179713972063
48.66903389534625,-10.45865961975334,7.860445257738981
100.56987757974757,-30.775309088813753,15.194005325824957
62.16180069634455,0.19620043690125155,15.273114531252356
20.7027857013886,-2.0135185765628103,4.760924790601556
50.77359054437776,10.627125044301662,15.426583242615791
147.59798798724694,40.215941236321974,45.35851271410405
96.98334847961449,18.105581538485577,29.289113757582307
71.62066071913335,13.881181567793007,25.36496296511764
40.51938365751204,18.611771178552285,11.644027550027513
81.63213798861844,44.632857699635636,23.44944129224462
29.154290156965274,21.90352288797823,5.836493324316611
56.89309745383096,42.476207989378466,9.528572416083893
40.05716763385578,45.96138900812081,-1.5453950554595874
17.757108882807927,19.70637772268113,-0.2018564124962168
67.58433366911844,74.14046085792707,-0.0004586591708743981
26.92354724093285,38.21133385236893,-7.820597376724403
15.330605664303258,27.77684667051086,-12.925409490192186
58.58579330530873,112.35023818018973,-60.805141021557525
37.336370340017986,78.07673813819906,-40.45000062458789
30.812088992617213,53.88255698051582,-23.835534426557718
18.79182068584716,35.01502121686976,-27.94738906789618
35.98903495353662,67.02998232233452,-56.05250730249335
18.039242580217213,34.12388531760669,-44.31362923068115
35.11376961258015,58.283350660821554,-79.73591966351488
4.6066569641879385,6.807406895943116,-10.47105596550514
28.395961931876293,47.55736493396105,-69.70018985937058
29.688721524398808,70.31929700694869,-100.29900709791784
10.781966244270295,19.618448442105993,-20.372056536554375
10.698356076013265,13.188115217372609,-30.90197445698963
34.510266513952956,28.423138200455785,-79.1131571290768
19.82580419985312,27.411981507522782,-59.51088058746774
22.20509172443311,9.683987842131458,-59.99730093006049
12.801237642447306,6.315423842053781,-34.60924620677428
31.249978795222752,17.96877205224372,-96.5044302071885
5.9939855705739005,2.1190084852124236,-16.96411786274833
27.850550099655106,-0.2446861541114794,-70.17222806206661
6.006587387433837,-0.07473067151938236,-15.489304744720128
18.142312433059377,-2.244873419974743,-44.80595662032737
36.59935821351194,0.1224731158747477,-107.07525136237253
31.53991347786821,-3.6874342284189425,-82.63844881988825
6.774246705813027,-3.308949887658901,-11.859373420047387
28.75527600724093,-20.04630066305901,-37.76363874782422
54.58244878048739,-30.96299711952888,-73.89952547522346
34.908955436470684,-39.043392612817705,-34.00151488421415
61.48281548674835,-66.22359115261547,-51.93052030220121
73.38039271398058,-81.18311155733635,-75.27610377628697
88.15365339308215,-100.07925335607004,-112.4820048488244
89.84093196606338,-109.92436227053288,-112.99397329489916
27.952005268590632,-27.580102350770897,-15.336869951604406
92.8747023854269,-93.89408634901054,-55.05645154412247
61.20887731508836,-49.66094043492998,-25.727596205690972
94.27137453848151,-78.74261622313276,-42.233728917015725
44.24820321584203,-34.1050144701686,-3.674992605653863
78.06314847360665,-48.797388383996264,-5.61140104581258
53.99369140948367,-29.597507667698995,7.357173510277782
27.679927667723977,-16.36713708065512,3.0246970064876164
70.57304927571604,-35.42173305506484,17.187765654472457
80.50255548227472,-37.74536032647766,12.186470889230776
150.1576834774946,-86.38732554733252,-0.5113629203354847
68.80859615125021,-41.610096833237904,2.746076449220973
96.48089881480215,-24.391924071562983,37.02770944405504
47.13242679393269,-14.801546391624006,13.388106743121353
13.075590788301968,-3.9202255891615976,5.145125195275157
82.44316716581145,-8.694361215386193,34.337589469866955
43.15373069726401,-2.2580997346853473,17.961467491210847
104.20961369783582,-1.6382909839024953,37.90131201104443
8.427026848843038,-0.6084522395192876,4.213188424692503
40.922780285114584,9.699693454660647,19.994582238101803
71.5301274033771,24.823183534084244,30.701587540423798
34.00600252950913,17.62167311940297,16.443448830077774
40.6634904179751,37.517309504485155,16.27376787346051
57.51819128656847,62.87023456731717,19.899943579001473
78.77904839658892,91.31736664016995,31.972197662246565
26.963593600478795,36.374095919850326,4.989303537253506
51.82656948561017,81.40824957694137,8.078688106636672
45.225482640118706,60.755248589939754,6.434931353170756
56.67830270514393,73.59177728984747,16.931656734880335
4.457457543240135,9.59843873064347,-0.7201447534021299
27.584712318105108,49.08524402760829,-3.790864539090778
19.770185617180083,34.43832060388068,0.17895320442895007
46.180264139495776,107.47961359446604,-24.954768646343815
18.11431287844385,50.23855072935264,-20.007050843673884
33.29019078474458,83.60523303886659,-33.82490468795392
40.34678029892805,99.25287721529021,-47.630158984355106
47.32315512113114,97.5573124368455,-32.767197567795556
3.7379355098196476,11.431024931216015,-3.615988515290793
9.342337217145133,34.2115961564707,-23.043802083914745
26.74611418549281,80.47392865228444,-48.95192560264883
16.636093691346623,61.37100455298969,-42.11646350750689
39.88253301052564,116.56147328889395,-74.00717350159384
24.944633544575225,77.56555437845236,-66.08853040389855
12.830154312862366,30.711544766072535,-87.53080641435318
11.377499537482528,33.55310971312956,-59.10686302875867
7.472247529465703,18.577302486360118,-43.560058765339136
2.717328064992393,9.207792344224721,-20.098498038911714
12.62337766533303,27.248593344658133,-69.3129052487861
8.886952773646353,7.023376281377375,-55.179774902968404
31.47432340645918,9.027272144737264,-162.13133166226083
17.794360954686873,14.989284127098339,-107.44574778587092
15.2148466385581,28.338086579128756,-110.97430341373261
21.06907717164471,3.087122543456047,-93.83879999251482
10.112062356602323,-4.451461686391569,-44.62604646619942
18.004230586485416,-5.9714310463135725,-114.95176306633596
13.167165037742565,-12.423514418534783,-39.49979543966248
30.7274844138857,-28.185396240581717,-93.03824056915644
38.351996414972476,-32.021035102483566,-111.59960274469273
24.69386709265217,-20.89225191424576,-78.12334250395148
19.66397439558334,-22.98040697254196,-36.567897238297114
37.024761736035146,-61.7401827954212,-39.35281263898967
49.254626000286116,-87.54598969638813,-48.73940015399888
23.02789026921826,-38.22585091968311,-28.167785646892806
3.7331144137470575,-6.267484003960975,-4.068946344103198
63.91605589843307,-111.87023572578475,-81.14239495578198
8.393018377334794,-15.27424311896227,-10.984397699115789
39.941597304951515,-66.82731033129409,-56.23744432073923
73.83978200739305,-82.70658132511035,-26.30376030670447
31.655681225138846,-42.93703445456128,-16.738548639599983
54.215756167780434,-76.11617187820517,-39.39178743684437
95.84132240761366,-125.08541877346948,-34.734056044246515
64.96566537779496,-77.61642130081191,-21.88251336559351
143.16402288529983,-175.87013274492108,-79.81776944611578
73.98288031776272,-77.9820781289316,-13.09597578947558
58.747002428979854,-65.99820545524635,-6.212090923764521
37.71638783680528,-36.46397574548886,-0.918371664232433
84.67666140220088,-79.7271519779938,-0.5348259492896771
75.04439802755547,-75.08193665407958,4.890477321990305
83.47010421318771,-100.634517769111,-14.58149919467392
53.357970743511494,-38.49443201337549,15.18952592160446
89.58976519028687,-63.71159758419413,19.027424998322164
16.53659934172307,-14.043187990204444,3.9826895155015096
90.87614669883254,-54.272578892392055,28.156639546009586
39.23592486992888,-16.066098015368308,19.77162563040445
102.41106349877913,-36.40278674104222,41.90368862502397
17.5318639893993,-8.36032889800201,7.374330097799806
78.96133708201805,-31.096253806964437,36.921549603199566
106.83758553460248,-37.12074462564705,57.933560994009724
64.17600449733206,-29.17995065221397,33.60861477776602
89.03980340951577,-26.07775158377128,44.52232213314064
91.04940753549626,-53.17719168757139,46.89898046602159
37.602990295306306,-5.020038809873623,23.24430538576979
67.55110408525297,-9.393601327211202,46.42891860072404
77.79792287541949,-21.042322050009727,50.88983339660327
19.710630730859073,5.49458196439266,12.771434168624634
44.450604790231516,11.212120852049507,29.450355401318383
78.6482999702028,19.92234323089652,53.632625865167256
93.34471203567321,23.358826023174778,66.86779371286359
31.25112479578439,20.238168319441662,22.329662874974645
99.12389635671605,50.9679571130176,68.96305725128087
70.05199632936707,38.11057902399937,53.637266739138475
58.133466341713586,28.09103909726299,44.71641106286737
52.957705448591206,37.121368060766734,44.31293362858378
29.583849844314965,34.510806730074606,19.56714717384122
22.152959452387154,37.75431316271355,10.6124359646913
55.91171611174413,97.28405962691969,24.791298750185042
41.13119874865094,90.06764702594027,10.593253587357143
46.60304210466377,138.83563040023876,10.321966014424078
14.747109264351334,39.94759023796957,1.660431210844978
43.79804648738086,109.07791271753523,7.160579613157712
28.194265303378128,79.61899815189416,-5.796216498945401
32.37872795090784,111.14918364087862,-10.851177811580621
35.775232152036665,120.0759438015987,-18.064569268983206
8.967130229982057,49.0858169828586,-15.11627539965651
22.953440095999845,113.14265328496356,-30.74309573136688
16.214162434613204,133.0265235180657,-37.52305153079757
12.2635069612516,100.91749417269027,-43.15862204360724
17.351829465520677,76.77751612625448,-37.27608966978896
4.573357834794706,51.50823762884138,-31.564453287612725
3.922622393714159,98.04266918056544,-51.348934261505185
16.702147797247537,96.75165617076308,-52.10242621395643
-0.4453951812494108,41.946710915639315,-42.96729009289077
0.3403229264724321,19.86824427931102,-22.670564454786902
-3.3371477829261678,42.022035391118656,-59.550979359028
1.5818771915598564,58.33871066754409,-86.42294629181723
-9.15491384348604,89.9786589154667,-127.2009311047733
8.240434298657743,87.13639424493007,-81.67545255514253
-0.8434837797386451,21.389914312598368,-54.20497739066678
0.11039640179318617,11.864720823562289,-24.676148483863543
-4.1950242485152645,46.11735611646445,-105.8393220751584
-0.0969739601884636,44.44540455625342,-84.76433759208797
0.05026977333323107,57.15014042185276,-119.20688359413113
-2.7015703419527224,26.986811356564104,-48.6490448086818
-7.5236910533703405,73.72741191163686,-123.89724099305376
1.280859945364932,5.526320196073381,-36.15733597227102
0.8958688577868825,2.4921016016687125,-64.85781199993552
-0.4561186186776866,1.3408301233394353,-90.56110760439215
-7.681048509172961,1.3166930513222388,-135.28845801835047
6.706252525717508,10.952257597710112,-116.16650494255396
6.440831746870425,6.08435635917929,-147.40116936823125
1.6811801842478866,25.91987531335719,-111.8953814418958
-0.9078991145907533,18.33774841055442,-67.92692369003476
5.633896112370274,-6.9652432653930285,-66.39859366806371
8.469632197452599,-16.771041554664,-139.07212830547456
-1.0265439914358963,-2.9421728345819202,-131.2345594108716
8.425849201564493,-18.812288648714244,-41.914111982707546
20.402788701922507,-37.998912644003724,-76.33711249349078
3.6467676481171805,-8.429457102682202,-17.840006046442745
9.907252929054833,-29.475643753838455,-86.40943804572635
37.1393673745883,-61.28480512609637,-176.03659810996896
16.17428464101909,-34.69792890493713,-42.73573151491759
33.188054457941575,-72.22219527464753,-72.83711050106993
18.98085159911074,-50.20349885641311,-30.36804261937667
34.69045641222052,-91.37449980381052,-58.67889124183112
38.177614960391615,-98.87099521873901,-76.30181867758503
72.8055169228085,-173.4767902009507,-126.03508352236707
64.1932062884904,-160.1191198800534,-104.79926926365474
41.33902501540908,-109.05627236196496,-58.60480216297521
65.8153360555407,-177.68688481409032,-101.59614034825817
38.51672847651365,-78.80812090432781,-35.96746815384847
33.96523256559725,-95.73376899618549,-44.76628485303057
24.87196126323601,-44.75703620816894,-9.642729890109145
60.84665440990724,-106.12434110295811,-20.102339802820474
41.75418356021683,-76.4810716044607,-21.66480048145726
50.595198907734314,-93.1795698310312,-30.319873369696623
69.55855268263684,-95.59340503298657,-12.666632386248086
33.58835543907908,-43.388048818713706,3.935928345688384
123.31901464876275,-153.42131802227513,12.83827665770331
58.394590179628814,-82.71689417380965,4.426609322854839
78.28443560378928,-119.9809080711154,-0.998708199213425
30.703341012020047,-28.279395318035693,13.985926308455655
54.85861871065432,-43.61543654578105,27.78055826794311
62.70364100100388,-65.23430226379107,28.347499710113023
97.80515108233365,-97.16623271965099,45.03721679362309
72.58028274901659,-55.30744618757493,39.644936595559955
90.08624388584909,-69.97969274093965,40.29588550870851
90.93717578376427,-33.70491278190987,65.59824503310074
40.12757648421674,-21.911154999112238,28.729886930382158
129.80976342785007,-80.471388466898,93.01970434388936
70.91169408399527,-52.10221376534664,48.861213934018885
99.0617081772184,-65.03155943300787,64.88053084316748
78.92494942068193,-7.806263647854604,71.89590286460877
41.43946583841201,-8.416243548563568,36.062823667680426
74.5945916860802,-23.08427206459285,58.99040471361074
97.85449290331523,-19.18318304317906,85.77067993258068
66.53261963951081,4.989805068799312,64.81881869142636
29.123018107756018,7.573775122103357,28.44868336430582
32.1148231735394,24.46041170570004,33.52436361175629
60.18641170000897,41.8428897407524,67.68582465252803
74.06996175670734,53.19619853766768,81.9674144697502
26.734749588027963,37.0037609896849,28.330112746956686
51.3070165226358,85.04498460473849,50.465379773567314
21.25928360591294,54.512476300098974,20.524769967835557
5.287094552796722,10.66996354534426,4.891675122699482
61.494849507791706,142.14878591223714,42.31307702166225
7.39252986468777,33.10394170931037,2.1216428175572153
15.340036848737608,74.75362392172624,6.282274396474283
3.8712380154597152,61.020388405966,-1.1076688329360835
17.82676230081019,124.77888966900966,5.189503980787859
3.269229108921126,60.9199967059621,-13.602910814884888
12.917059664525734,167.6185970648414,-40.119938266049374
2.6933088104949032,137.84778569091688,-25.25922917402791
-16.03508011336662,93.82426381436181,-52.10878824412614
-4.876478274875391,55.30433811584284,-29.619389502466927
-8.03434105695587,125.72107900356451,-79.82656024965894
-20.28033784464958,132.25981928035034,-96.89198202316283
-19.185034447601296,100.14921604296886,-69.47416604136639
-1.465349892594734,103.16792015166874,-40.50538312361038
-14.231193676043828,71.713842653523,-76.54628041759182
-9.886395032458063,39.536637800682676,-42.988852586994014
-20.86820117644289,105.16270283910482,-101.69562066732544
-30.56376987151629,120.32220408866826,-114.83496519873822
-12.83701678222101,70.3701964090177,-62.79695705009514
-27.03877296083777,74.78990836033756,-103.49254091719362
-33.29949050913862,101.35583280635325,-115.63128519895776
-39.141803458037785,110.3474302339007,-145.5632018715071
-7.259402551213562,16.966372011132602,-35.97121380146979
-16.016832609894205,26.625459756142572,-68.91758634437427
-22.656945522742667,41.42312195082749,-100.38532846986382
-23.184967583813297,55.52672570833325,-106.36743871929909
-15.772482247206028,40.772395173330096,-68.17284886268877
-34.418618517282006,73.76617469586574,-113.96891648756272
-23.352351358146215,44.41162218520864,-125.53080376006304
-18.436420025731827,27.10841817726677,-86.08995765404983
-10.180179476740085,6.063253625687079,-66.80959537006228
-11.486951260024483,-3.213221613215888,-112.03785324428853
-4.959126525938073,-6.874999496867933,-46.329238844826875
-11.053168541458462,-14.01392581525469,-86.48398832269598
-15.323136220096098,-10.852609485233216,-103.96575960864307
0.44396112527215004,-16.461777166862635,-30.443364565017532
1.6817624793481087,-26.13177454683313,-51.7852650881498
1.1240828959381333,-38.76217563550901,-70.05564281702944
-3.34195667315891,-50.00572398434664,-99.22604411298899
10.194089550007591,-46.398197761110374,-49.16426472498376
30.634437507732443,-151.05081522289356,-139.6335248445568
24.770370384805286,-102.35670998782102,-90.02677820169545
31.652321886029686,-119.12040933025617,-97.59993470143104
11.225134055789043,-94.23944044858534,-106.14137848239095
33.037327485766994,-138.21462218519565,-106.13918119856476
8.311104392442813,-75.44531600156526,-87.63743344822402
19.235577312952547,-93.81592484850569,-70.2368560077542
10.577427903641254,-47.35817717178285,-21.603094367988717
30.91100034828807,-105.36278284888364,-38.86495078877207
14.750589419080322,-83.78310557679582,-51.03828366778146
20.605009061206275,-141.1355815161876,-90.71747724771905
26.948380219350824,-138.3100948334964,-44.76222788179339
33.1432193064939,-105.08501622624686,-27.18283387151574
17.245175677649303,-65.66704950420929,-17.01141232360398
18.00110480093169,-46.50418408956648,-5.337073120631504
37.25203431697085,-91.52783197422227,-1.2120456007699458
51.29357859062878,-148.08718615737536,-43.218696310709646
64.15982446746456,-155.38125737889004,-1.9631975873104477
48.60406578308515,-127.81577811527819,-10.22246724276352
38.03713109644046,-147.72830109119724,-44.095769234466964
24.027053395732292,-43.788920989790974,7.061387574176986
56.56836487791506,-104.82960005645683,36.567393204322
51.850663932632514,-97.83654758108912,1.5584319904243928
43.33857857402949,-51.119418545549266,30.114076922517675
16.396005493625417,-19.10719201327135,11.878812232961357
71.89057978127724,-91.38939941142007,60.655436912416434
63.991307171760994,-76.50397436560573,65.90646043311115
76.24931125193167,-101.89455910210518,48.77229633171031
45.856792672704195,-31.59013897217575,48.66939224251978
28.834394393083958,-25.993761642120717,26.26532274612126
19.372793515035674,-13.43992100275111,17.7100456089574
2.131824638778654,-2.968565480354502,2.182824153155949
40.015215760806946,-10.246639976767435,46.7074423581092
71.42726372165565,-12.435355615789547,91.03232481155423
42.92985442701638,-6.4292568471888805,64.79962277849181
87.29139541706442,-38.93280925224344,90.90452599924058
91.74879230408732,-13.813877356527207,101.9130381368349
98.6885883928062,-42.705615767183104,105.40102584806257
3.834910626526835,0.20146639868927851,6.209751171583967
26.25108567680538,9.028670160705259,38.2346037013522
37.989317828186955,-0.17219565182157137,47.91232485596656
43.85466534197805,6.41634131863242,63.379067036856156
25.050428864056915,23.913282493559546,38.30233299533562
82.70145740607263,58.72572421751774,130.01263391314092
57.849048584770955,42.87450906345828,99.4411802081911
5.386722645526841,5.129741414640141,8.53325399473105
45.772362634743864,42.58100889989512,68.91715435585994
55.435424038254006,62.60077852398492,79.80049026972131
13.582951573296542,25.406575010309126,23.408642773422798
28.21610034004148,71.28897806544558,50.30397812128495
9.509012293093306,43.74394379235451,20.58698391658966
16.64700541067911,86.63077777803558,37.29128199805631
29.042108282021886,92.02527961483545,42.88479178531365
42.643432735584945,120.23755979684877,65.68265258694146
29.296569054432933,99.35444861915194,60.20741475200722
1.7235600479079634,41.48707743591026,5.800951336784159
-0.10699103269735327,231.11321861136582,-0.19275336311216407
-1.7555431868579165,82.81817361037113,6.721402312636041
9.34969499089578,100.58029188986214,18.076325530742153
7.28502076581155,74.66725632907317,16.18711502758895
-13.363273227397404,91.28040166438362,-15.948032771287458
-18.407393861825845,136.07880610398536,-33.78125166430115
-6.920339533203434,50.864602436888866,-9.558983162535364
-11.06099857301503,128.35239847602202,-32.58511867272625
-14.344434696954146,133.89235964071673,-3.8232094441588798
-18.192578497185103,99.3638361291992,-49.104530933342105
-16.330789345237644,57.974139002023115,-29.292961498233836
-41.325980638498656,126.14613156924119,-58.400991992184956
-29.057504917596145,102.53874130478187,-63.56859808509879
-17.981788082832104,36.34658899657437,-36.6751846441191
-41.9556390845636,61.422092540827094,-81.89076048350755
-28.46792318097955,71.78165485498789,-66.1563289469668
-40.05686585092276,95.38464584299095,-71.01716837327841
-40.598857086312655,115.38598265466737,-93.91160158768041
-44.64266644509349,82.00129512412202,-96.44413917669631
-39.026636076936036,82.13198292313606,-84.62508582708504
-37.603834887421385,33.82717994057939,-92.32146175293367
-36.547483495813566,59.539855395404814,-107.80549916060306
-18.850562673004983,18.73004805857143,-45.35066215733117
-52.06714592206876,67.56615219089173,-167.18416553843332
-39.97455542527233,49.71840337218613,-97.29921480373011
-37.98045032481282,57.15932293402859,-86.34627866762662
-8.518559910642445,1.2046993836478523,-25.009847007380596
-16.770591519657312,5.38675976932805,-47.16188410001325
-27.792469380353015,5.455078340175352,-76.56847731756623
-25.290881385855144,1.3084177752978858,-101.18876348528079
-41.72149898528833,5.728393963726145,-109.86197922054714
-10.17355187970353,-7.886082593672215,-35.98425968757724
-20.570116792272614,-17.22469100532187,-74.87500142442967
-36.30665930021001,-11.499358746113046,-107.53303841195311
-31.969234454857506,-46.76013777693274,-132.73913161044356
-54.01620352852203,-45.768696029873254,-237.5737439842348
-9.727234061710138,-28.708912238564814,-51.00086243351658
-5.67787479595339,-68.78002598555567,-93.8689260515984
-16.80820513379084,-44.241679374911165,-84.77544607082937
-27.130512824033957,-54.31041407140822,-115.78706692953364
-13.141866639309583,-57.94741261652237,-84.46039028093816
-2.3781034747006413,-36.652278514740495,-39.18685542372329
0.07950306717760483,-19.85544431967076,-16.589872196390406
-2.711503179940731,-53.564160122837386,-45.18337328169453
-1.4382589165711916,-86.70734691300981,-76.33137392854508
8.207709713676737,-69.06783147187957,-51.14346822601763
12.405175693199663,-84.72774482919696,-25.24567697643033
0.11651685522116538,-59.050974749755625,-24.293087196299595
14.277662674483286,-156.9634155147149,-60.29913532625736
-5.0458844683327895,-90.93702025822078,-39.62957441514634
0.8706198401445131,-13.531143646316828,-4.872738199440727
8.354012258736207,-42.25017078594478,-2.835445168138653
20.200933481143874,-83.87366262329722,-8.274242203613795
9.626917916406342,-103.32533282861473,-14.273394755007274
6.80782186071107,-72.69537739128467,-13.692117718489792
18.05205137373522,-49.0572189003088,12.81743928140952
33.98513856557645,-96.66919575881914,23.53237298499598
31.70492467879246,-85.14681341145375,12.782943564415529
56.33268508694589,-136.176060566734,38.69458660609034
58.10545322111827,-195.53676509340477,17.75694558742044
3.643909044579485,-9.18671690420412,1.7568648293787477
22.831033136559242,-39.322237370357826,27.23626950214766
60.5206966384084,-88.81888697582362,83.74733331378366
11.221438686948572,-17.617107702016988,14.295242725286796
48.28809230424076,-74.54665066492078,63.269256557297844
69.92457617501063,-118.61310178845414,61.71336452976219
36.704750992541356,-64.17711594629881,37.70904158479821
58.42041763103739,-118.29804908167416,79.65640000619179
29.406305620150963,-28.992563211310056,41.72769495063945
64.52263825492238,-89.4558661227282,86.66808239718118
61.71842304556988,-66.52452363055764,85.58968631003208
67.73242337397963,-55.99741616271969,92.1679310732511
21.461540569954774,-9.484534534989212,35.959701705204125
40.162035077431035,-22.368958988358795,78.64723169754743
56.96350229769306,-37.806630191109825,91.00271556068087
37.16728738123165,-27.25738147596318,67.13982852809846
23.66572176163803,4.659584547384575,49.181504790477554
5.905813511616811,2.578379644716903,12.305976353363686
41.23124850488565,20.916478904681927,76.32518989165732
18.08876179742357,22.325215470705004,43.60357381799216
44.014575694604815,40.07497217385682,107.41576783246738
32.57725055900882,24.581360723433836,82.78118130474252
33.4776818434507,48.538408542836876,84.90774794633212
23.379526192914458,64.85592962301686,71.50717206876551
14.477884026231575,44.626258413090746,46.89461175676239
4.902484068802137,17.605364198787775,17.834761185509297
5.083075062544854,42.8411134663999,25.051226091750138
12.186227627396292,101.55639408209476,56.58359843612518
5.975505157442736,78.54986817760681,42.35898695944428
-4.908428774632509,52.1428416189982,13.50517920049142
-21.77627066873322,132.10548202292318,29.250454787408177
-11.779313010797582,76.43863986123273,11.346368966489555
-17.855719604107108,92.86889953111115,16.224452788985893
-3.0779261831511144,108.97139845426244,32.72903231496418
-0.9589595641827321,18.639543216650768,5.199980572358073
-7.8325686336250016,125.57376739028601,39.136259999874625
-4.396001227159839,93.75740176053286,18.98952448004732
-13.399223808429397,115.31744916160385,9.945800727647303
-25.278370828856875,122.75819366300911,14.930356656991787
-12.951251424450607,53.23811677164273,-4.769454659053089
-1.7204612391602199,8.459966927516959,-0.7861584039188467
-23.097589316829147,49.40605317010812,-22.245075216016815
-8.690039805907654,18.977401830351127,-8.324430114432925
-72.02391023014233,79.86593959513513,-84.69530184582938
-33.51544382653317,43.36002610289803,-43.58947792773426
-18.822719775286313,26.208615758817434,-23.989240630443216
-50.78173895272819,71.1122067958413,-57.24382629398781
-49.71670390922236,91.00798945866822,-71.58627341286608
-76.36946115345211,80.73750451311206,-103.0904115112299
-58.42938034102994,62.236733368900076,-79.12513940053745
-30.4564006431649,22.3273980428893,-47.50992660058819
-61.88286870487248,48.85924442114787,-94.57319354016656
-25.432444844715956,3.990554444223437,-47.50069434209118
-64.21716342434101,-6.463702245806534,-115.243236720862
-49.085770586187415,6.265715966243195,-88.0530065018216
-59.808545696036866,4.166769240150213,-102.69034269119959
-71.31376192579,-8.790424100636546,-165.68161361242267
-21.15893134496647,-12.330116920453934,-45.49434564805753
-30.14516734690077,-36.41120177422403,-87.42140881038517
-53.09038386446008,-29.002904037384514,-97.90918375634163
-66.64866371308496,-28.416523517111656,-120.01330593243884
-22.010978239200508,-43.407822218039755,-59.97482882345935
-10.732980728464922,-19.575085966588137,-29.769153097288594
-35.5419319090057,-77.19924751515346,-91.21751366326262
-32.94796616981649,-53.33751128619904,-78.47664813158823
-37.806831918797144,-53.314593232570466,-112.52275593314471
-43.76158106635488,-49.9418427564036,-101.71974821595467
-4.349055280688707,-22.677616703077877,-18.313896256550684
-12.796802295908314,-64.92282621776987,-51.87713446933876
-6.6758076370768284,-44.29640251612674,-30.192611555471313
-27.303649811493322,-108.24487941233198,-89.83439287849004
-20.498241537096433,-78.65484904713887,-81.11390456686146
-16.097812231439782,-88.90912005906027,-88.08817031114802
-7.641664195615178,-67.03040626261942,-39.70532564298069
-6.893477759256617,-51.17542577855657,-17.50574674530959
-17.31092023627943,-111.74340594378216,-27.81816358364494
-0.7483751839330968,-82.02550498937347,-17.06601250013699
-9.227702329837419,-123.69707410569417,-36.79523676847166
1.9171714812937188,-51.06476899246922,-0.21702627968310012
0.5503527438022098,-148.96517620047155,-22.645684396768775
10.188024252841338,-117.03224010538209,14.835934177910593
1.3953089602992386,-12.315308244191064,0.6835145757889038
-1.8933406674752522,-89.51908039726447,-7.512295959617463
8.135087571104597,-97.51450071398521,11.380553081160583
8.778885659975542,-128.5177221052562,4.66378402256494
9.14562947632394,-44.69656671769188,14.177306139529659
16.853397385155255,-107.6491969773188,39.91199219951163
41.83391367172281,-180.3793059103259,86.96044020030328
35.17238563811455,-132.11811131583502,48.1477626735673
23.542273791068936,-89.35917164416206,28.681442788955376
17.90872317959188,-88.89289840145557,16.286248466865803
8.873007394585105,-86.81966420323133,22.961187338230985
41.41466311783623,-193.09392078912646,44.058153850333085
12.075617185896528,-112.41650788731846,23.25142168700605
17.010814203300534,-45.05646219987525,32.186383260645115
42.54416455335357,-92.84750722151107,83.5973783010119
22.687363161376318,-83.79970116153999,43.36067519710549
33.671516453220455,-100.19952887432781,55.87260024693779
54.76829261639584,-108.09588998084479,99.22554255020515
38.50630775367618,-116.48183522321736,78.31474556117696
41.33869196042578,-81.29024622651235,71.97824657860028
22.258887076993787,-34.348569781855325,49.392312003615594
49.59407893595289,-83.41048942301738,113.38203316942725
7.3383592844835945,-11.304435677417066,18.095614242484398
41.51578486790168,-57.97985663659009,83.9367393545866
46.539996710872416,-77.59638102451976,97.5438918781841
47.28600156571894,-52.385661251211204,95.42628573557519
30.34034014665493,-60.5090575584341,88.12670906103752
43.73008378144403,-21.59353441274535,106.79844274614663
18.82513517881848,-10.891715214926533,48.87247159467486
52.61072291668829,-22.520277817542652,151.9326280461845
50.471165881938475,-39.94376327111432,102.68873376920483
16.99663428690751,2.2094442680975446,52.8202120367324
45.335563385210534,13.297644746078758,116.05579529563184
10.00252233237395,19.538415669736064,47.69266811513483
18.738865175062767,33.537993283163104,89.28710717714542
27.251632886233846,33.714306074388666,126.84620339682245
33.50311231260393,28.552045467473455,100.65941778405673
24.691189665995005,101.91930208803637,161.47331127135422
3.191961019059927,31.434766822730353,38.96128701287503
14.796847379342966,94.58002848469053,126.1163718453594
-4.59699136590346,41.964009223877376,31.28248153168094
-1.9976524416110557,80.14440850206536,62.18597078545768
-8.222141661567981,82.10211690961427,43.15275515145367
-15.671528725467523,88.7141059211084,50.7381347447655
-16.02859276025354,92.22204207362212,67.37811552347175
-15.280264764173873,51.412654648299316,16.30810290968856
-29.163340955046976,107.88209450450769,36.109376905874434
-43.349802231080666,139.04634148489535,48.72809785483103
-31.54343076383381,118.1429565667188,20.24979423650732
-16.169774339243723,91.49880530717692,33.98579723468902
-45.60166946792937,99.46385800973142,-16.56715398891447
-34.60977857228333,71.60841063180126,-1.2900590718974327
-17.338890401650755,42.937758727977055,0.4019256400625097
-63.31600767902981,109.03759484243542,-9.76782533928217
-78.21217564099953,162.18185335627143,0.7345567880194696
-52.411313917566126,154.44888951420427,5.410247893448739
-23.47468209258988,35.289565958130666,-12.628794788221787
-57.28810784366082,82.16869765074556,-30.41905016388976
-39.726101757376945,60.74503075184139,-26.951314788749123
-47.95079351059215,73.92432355900866,-36.24214978840258
-39.25132408028939,38.76189125512037,-33.854797077898084
-90.76824186053115,74.56968808755036,-86.4586538197328
-58.657585513991584,43.554438322233906,-50.47094288071483
-70.68589375116011,55.6035438757633,-62.33317461010979
-27.751257792411465,13.76788882726636,-30.57939485982085
-41.92304212155113,25.531250915737928,-40.273914254096276
-53.92074009784702,22.2613206734068,-60.00984920158501
-13.47334165666004,6.60277663615271,-14.712456734446596
-95.21829691638766,29.708448622431977,-101.98936042483754
-6.104148036381378,3.9762063211014094,-6.725515479057914
-67.65202742875908,47.82419595055939,-74.15546608838198
-84.12738652195267,39.463073230709085,-101.8792497559133
-55.73644477361621,41.21261250668822,-66.27239587643038
-35.61820490228119,-0.08759790719546519,-46.4651485903091
-70.9666733293003,-8.644225840850108,-113.04927626921204
-62.38880285783672,-8.310501843491394,-90.7481298606308
-24.759260257852134,-15.002743431699752,-35.279223324623615
-45.26665689028192,-19.23189660220355,-66.23036649218223
-61.27195408382997,-43.09335165515072,-84.29965285207707
-81.18737437974293,-61.57825126733316,-122.48125975518651
-75.27335538685809,-31.971086458661663,-96.63477135638749
-58.240808892650186,-28.549001338856097,-74.10508282212108
-53.3939891003944,-17.971322435285796,-83.00668808097937
-51.52620377920412,-54.72051579978823,-73.20341708575718
-24.180005289289785,-30.340011640668532,-38.95091798740139
-6.1076928428709545,-9.701495754798561,-10.600424537774321
-73.4954173627511,-97.8002026933413,-111.95230438505456
-50.73520319071616,-65.96909173656323,-89.81841899195413
-22.719824937187102,-55.90154960472953,-39.3336188875905
-10.02545591421634,-33.79098387861823,-8.484784836773706
-1.947764130790302,-9.941198283841675,-0.32192884064564947
-20.367872045848166,-73.56442529945255,-14.865425776656602
-27.67661698366734,-102.77951384829156,-7.486681763295814
-38.28828644653608,-135.54015285489592,-17.954043862124866
-9.222563713210114,-59.3518633311626,2.6570973725980433
-23.08243342943262,-103.97955541480235,1.7003170934465064
1.706283695960216,-88.34855353622606,17.427378288181526
1.052398415673761,-56.64386200196028,21.340990380458617
3.768659869728781,-114.05086695285607,42.64099257800308
3.5870184841117467,-128.86182634946672,50.445968051837255
18.61604136112969,-136.5001693665579,70.4309614723651
-3.139920388640319,-135.86634577204646,35.73583191866097
-3.0011646461102965,-107.89451956262684,32.42512201146125
6.327634505145573,-137.43107486775452,76.63602685254371
6.969594967564803,-42.74319108307176,32.25037337206989
17.790589891157552,-105.38619399803959,88.88886254717504
10.431760034867782,-92.89427639870404,61.13467220411656
23.6578672269464,-132.42826095624605,77.67318367956872
26.6153785092322,-146.83969456791402,88.62208243625841
43.44632967575373,-235.03715862817523,135.982193805889
17.96473460948202,-82.26369710871198,77.78932527339329
26.09056533225331,-68.34799864099604,109.37406095346634
12.02975074008947,-34.110129236015844,52.68047277926889
24.618718415445784,-77.03165390129564,81.70286044516946
25.975862820064265,-52.482496691558765,105.6723429814793
25.01216707523705,-83.86097326131579,158.00217430770726
29.330004702968573,-103.96413748658247,140.29081487964518
14.503412022470267,-16.247154940751688,68.50299462626207
19.818513545453992,-23.17434035463266,95.09168690898358
7.625008471344417,-9.29775267041427,34.063771168836965
42.93451287082114,-26.941597240995137,192.59576446450654
29.115747571514486,-21.472865069958086,146.9408663104698
26.96375706045909,-26.532050661852498,167.95569207617618
23.928302872331752,-65.01185744701856,175.9641646239104
19.928911586461872,-46.23880365766349,145.60153564223086
26.346743544497595,-62.69108298089909,222.50966259422228
8.761890515119273,0.1280732137316866,55.56017945598555
27.675633817634566,-6.774065779258586,157.68878732431565
23.523648756578048,-5.835717770153334,134.10155159349284
9.272419111886405,11.863258204416432,82.29685051462779
7.534138833091518,9.588373714344204,109.7464849429624
3.45588115825565,16.214080970911283,46.42530686444285
2.2145963370797035,33.39180698342176,98.14567102045196
17.761040119621306,25.210893083292632,111.68040561448909
4.113531548513907,38.00433420503117,118.68799744061876
5.2718161458499075,40.24377342559612,149.96285282042368
-6.16633579382815,50.32332055965898,125.63981039735661
-4.467176919668109,32.58777417898567,48.51670945294394
-10.999963407524845,61.49412936072376,67.10543366039738
-17.49268545192445,117.89546117895208,134.7939643642252
-19.968542164643615,75.1541618621595,104.83126913014758
-9.217018790105406,29.82868321061418,22.4122632370901
-27.483114541280223,88.0567254541184,73.77957981902428
-17.296630607523145,62.06920552035903,63.899432946389894
-21.44159235534771,120.03686322414393,107.93503428917458
-27.197136859751787,82.50934036616461,55.7993540031959
-19.663619545317033,59.59362179230859,44.31342252722351
-16.597126536437884,51.30533554810301,56.2183545063762
-13.676439746715591,29.661377749301618,13.541829083229977
-32.29435899795546,67.78873820771817,27.400012531782128
-31.983514232079088,49.881441174638546,3.8578750585159503
-85.50855792353008,126.56960853126975,-2.737980224181822
-80.71344395155741,108.3048437577014,6.673622950038499
-36.92674500306572,81.07218420639313,14.897216826109403
-93.00148160190815,121.49851447574622,-32.49218823789346
-68.22117217928208,82.35350052244624,-18.924547564488996
-40.01314073909992,44.687482252910186,-10.16440270532621
-15.763457948800731,19.428033933314627,-3.334750000829176
-76.01975535135054,80.75502797642763,-38.44201327093202
-42.55251405296162,29.73722399270947,-25.414857909242983
-80.56788529982741,47.9939604375575,-52.811291516324324
-61.43535265071917,54.907893560604705,-34.26724442902271
-88.7066925440596,62.68404788346754,-51.14638220714502
-10.365038697152858,7.667825350079876,-5.212039427241097
-81.61569253169105,31.36660372837943,-60.948436879759925
-36.96117738452285,13.370955763706059,-28.85957462041569
-85.87785396062343,32.16326295194199,-74.57268538182147
-71.43661303794237,17.446346108121585,-62.456422868242996
-31.058630646405998,-2.830730105796457,-30.195464291753268
-70.37757467143854,2.762749823472819,-62.04585066912638
-65.80691563707175,-12.325514811854696,-61.431290072289556
-88.45337917108029,-6.572924508002493,-76.74027428582478
-33.80166200688471,-14.306185018855421,-33.61300886193599
-81.13908132980492,-25.11194774060847,-80.16969178384531
-54.33971818476464,-29.82441983680097,-61.401335678432666
-105.90109667260879,-57.83276049300815,-106.40867624818404
-86.18837008047892,-45.84099164799733,-78.42131917963233
-38.296468972808455,-38.928883055065356,-40.975926329992895
-46.13577695554794,-59.36115149779596,-49.70870324862225
-95.36898383441223,-75.42110989087007,-88.25077531070957
-69.61218357383163,-79.63540758494958,-83.92076613345263
-89.98667761142563,-109.26828773863312,-85.92563381088134
-42.75947654089914,-59.948427220899745,-38.855847014953206
-29.44067701044789,-53.260600031420644,-30.565901409672712
-66.02344000116216,-122.02284624715435,-70.29748537730461
-19.553607311223363,-44.66748533992341,-4.583916232129814
-55.853094226371375,-137.87192167431104,-24.14053720201581
-34.14048355387762,-90.89024596635315,-18.147388374488248
-38.34648849412187,-92.01902044271087,-6.6103684047146585
-48.21454259502776,-96.44142443546315,-18.065817930052688
-14.403080019390185,-52.69579364965175,9.038742664605198
-33.48969881409418,-105.81130275834975,6.42627481064807
-38.252896056105726,-118.53230489086657,17.40798559686194
-4.7261360858397765,-35.466823847443194,17.205676610580316
-11.727430549601975,-83.23859032521072,43.66209489315079
-14.187625079226649,-84.19993899179737,32.839156523443386
-50.745689279355375,-216.2002316917895,89.32866356606996
-24.262507913715485,-129.70648208191938,43.48263480850611
4.27695841526203,-77.61050525531383,83.29770006818357
-3.5983111608389335,-50.13090264522203,42.54003118409067
-0.07968717879170839,-105.93862768342196,78.12700115255495
-9.857997526368056,-91.35486884786806,85.69927640432064
-14.576488456587569,-113.0194334343207,100.04857198205036
1.2136077532335439,-26.215444526137507,41.20029337522122
11.215581757919967,-104.75083520339122,128.11648489435436
3.3290826135321474,-66.20522513347196,84.01481202326585
-2.1610264734711677,-56.47257768271466,80.69052989006227
2.28548314895145,-41.292575655264194,70.5122738246509
8.067059447979332,-53.48738708013735,90.45248825007337
14.157635497092567,-108.37237720610955,202.34689665751665
12.542957980243646,-120.95945324206362,233.509413408707
-0.5843577192114198,-44.24036278527903,85.54595566983528
-2.904427686178364,-60.49920120550441,93.73312666057512
10.559911626275898,-39.98572007105669,101.1606185719809
12.407021310339037,-60.14632454886827,153.52321975808536
0.07204131318926635,-14.959668877984114,53.67404771240526
4.231737549970231,-38.073638737107935,116.53202838535572
-4.1583054705933815,-50.43191238949101,129.27452638254766
12.669346093898174,-38.57637786365245,146.04744540862788
1.2403576442902744,-34.65332626866851,169.17401245647488
8.144537028793303,-21.901867309714696,133.40340625007684
3.2358851271106306,-12.678275436510413,81.52038215236882
4.636219694790558,-17.28489192169797,98.84432081323216
-1.8802405242124591,-1.3232685216842093,63.113323553011384
-4.697811182379021,0.8916692624599161,96.52809770508557
-12.480548290178461,1.9156923755716069,124.6716456701884
-0.5235886639525499,10.060390664873957,131.56514440723177
-18.177840513988393,-16.367050711026476,203.75281276167607
-7.785300016538316,-11.344768632247249,112.68478747964838
-18.170773038398092,12.713534521812576,166.299069678329
-8.539382002527576,17.889139150313262,71.53213684124934
-19.90808027231001,63.335021415929056,143.50622915077042
-16.43395557772913,27.054184759350505,130.3857544878486
-11.583825697856707,28.582153273928274,51.56226451423126
-7.705283301086517,17.608772916633058,26.195250011917796
-22.07850893060159,46.86445134542147,67.89797069690877
-34.375534569848845,59.33070342586848,116.20179437656913
-28.545774184817336,67.00095333487354,93.34108613280851
-26.349464413019497,92.6519152513935,152.65073816677705
-45.88780195391662,89.31602243582316,118.27482977700464
-87.64059505382927,159.57185965150114,123.91018407645817
-34.96741389399074,65.66709888459022,47.9024482799247
-14.059950388375478,25.331466382564486,23.739179412648504
-25.671683206241873,42.77225102916961,42.10801065212525
-38.1867367144914,55.3007808557819,45.520479055220484
-35.99235455590686,67.87408045837243,62.309117394493
-45.21384230461777,90.36760825562253,90.5981454731695
-27.373918351913293,49.73936475586782,60.97174673204556
-18.574637644063127,27.86483455347746,13.917926316230352
-48.48881377653606,70.7059710076615,36.69574562539363
-40.94840655268751,45.77548459924547,8.58737003479845
-107.1206161112514,78.26479417082857,-16.428752794578315
-20.46587155368742,17.049010002971595,-2.3104915964035224
-48.03105185213586,42.61365301068073,-5.918699423151795
-62.847137512027146,53.59181615873701,-18.786234876282116
-47.644454921835994,27.887000879824587,-18.829452580286773
-94.00681422778511,46.91758926059011,-47.14477555380449
-45.82107097563178,14.900312232680172,-25.40599414743237
-98.32007042166472,19.91282091712489,-52.292758591864526
-48.748487866652944,-3.438637341028666,-32.836745961203135
-97.05606482827856,-13.79689520680192,-64.29316746997327
-119.5498383638196,-1.643633248658992,-79.85532733421135
-11.636962256311543,0.6011942845242534,-7.162401055951095
-39.50458105173004,-17.148736675540366,-28.876219959685905
-92.72764934559505,-27.80578643640862,-61.778294107517794
-29.31670130377136,-25.328958421009443,-20.143055054281763
-55.804171766288086,-42.29234589627053,-42.47107755970564
-66.48062527867518,-54.98329892644203,-43.64827650420595
-48.97439629926635,-79.92209483182175,-23.176769841053627
-28.551998469019242,-39.94866248185852,-16.774973338628055
-86.51373055679234,-99.4263051561997,-47.800536331890925
-74.56655629659134,-87.31003080633313,-41.11127281372383
-29.364317117775734,-49.427590416801905,-0.1360161222041336
-53.265912479374585,-81.84485943503485,-4.860961707826114
-90.61470038877403,-142.80474949369395,-6.725237657854654
-54.33230385686778,-92.29040666643039,7.652196993471772
-41.830276198744656,-80.92557534925224,7.6188748506198625
-78.62853445319698,-133.9920173628404,4.454368266737452
-70.54269921753894,-142.20901778092914,26.26552919743573
-34.49351113952942,-85.49816955280565,18.044788320195593
-49.13152991424308,-107.48601014558757,19.68346027614383
-20.7968358110513,-46.20131500175116,11.534478585553124
-26.48944752020508,-91.17029884526865,51.113561347889465
-14.693435305116754,-44.3121811801585,24.473937704642957
-41.871472144253765,-108.64593670062101,47.432209563674306
-26.4021424318391,-78.00451991449113,35.267792137690016
-27.596592727286264,-112.42241155538515,65.43675528599654
-6.127386162026611,-21.757556503918178,20.41839205927879
-17.75496674925108,-57.952853052791724,57.93153876135033
-19.3628060888326,-133.609109584112,138.22739250283337
-14.207051949941782,-80.3633065325075,63.00699838231769
-29.029362660241627,-106.35644017645774,78.85324637788177
-17.150991048897883,-47.501834878293614,82.12139796172875
-7.003333002895791,-22.00075366640444,36.91506191209698
-17.58755284319314,-80.2122742890122,109.86698206846253
-7.2431461090962,-14.376602283400514,46.93170841942624
-17.43062490042186,-39.49805958797809,140.76506734811346
-15.636001251282638,-23.409935981036547,93.52608984636095
-20.402181197017544,-1.178819732292921,100.27684519137135
-9.536347110789137,-1.592257153449353,48.860418061456585
-3.3092394240890477,3.3938919515531243,13.921897055655936
-31.59225392636889,16.886644934904457,102.22255128016828
-17.23268250061708,6.987731271239818,58.80457029210569
-36.452696402356345,19.509312140701628,134.63886371352393
-10.551751320600633,7.337394600220273,36.804474847699964
-19.564194507420204,12.415890532188392,77.3364212428784
-19.904111898218968,21.879812145037583,45.67505570177997
-25.433306629868323,32.52691287438586,77.9585373211043
-37.04394264106455,51.51444203399594,127.94860704149855
-36.35127014492129,45.25853133197747,85.69537815397804
-53.70764692808318,46.07349391221664,129.16410769215653
-27.155710479740037,30.8293668398015,35.050477025917175
-62.49905945451002,60.973989515915235,61.41458311802546
-31.52000812607529,32.34765877292163,22.420845446504703
-79.01164398524338,76.04749152317402,42.482304116099534
-65.07955724358706,63.298970022940466,37.341577690553805
-54.225747861997924,59.35723042123136,47.842825905298255
-47.13575529857214,41.092428072394036,13.206664442936017
-105.01216019902171,92.6336457702306,15.538300032510312
-81.89064671093212,53.23527751723302,2.463690845563698
-39.963159475577626,27.69423685374732,1.0265258131191188
-64.40450066994384,39.05847022836492,-8.25499911041981
-47.97835221419823,21.19742387645143,-11.06288444012646
-81.31372194842942,25.263943659601765,-20.25568061235321
-43.29942603622843,8.847870298914396,-15.678309476863596
-66.87030241569065,12.992919555793897,-22.844888667569172
-16.94152866927939,3.5072383527857696,-6.515403683573002
-36.575358982068636,-1.4705742767358299,-16.24941596980802
-88.57796507742094,-7.439790920480685,-43.268732238937616
-74.22314601223455,0.5066221402743728,-30.513632068121996
-72.38692665426565,-34.34440141247563,-32.52404485017658
-12.064307060136889,-4.622652577857089,-6.350072665710615
-53.32617472024676,-19.347133271077684,-26.94723051211014
-30.002636208094234,-10.338834891874791,-14.639650836973583
-33.47459728253408,-23.938563291077905,-13.978358000997272
-128.31966520395602,-96.24789470494758,-49.245232455062876
-66.21860811634222,-54.296439498263055,-19.753847984273584
-76.61649327844034,-47.14189030400786,-43.34858411633313
-59.004817799765476,-37.12180702440688,-26.919788978848807
-94.61560644248702,-92.38968111015132,-48.36632246388368
-97.79182430977573,-56.056820878772925,-39.59071041423255
-43.142807977440185,-47.412597631429946,-14.997515353546149
-32.26628863787917,-34.37219521037598,-10.150260833308986
-18.19390933165609,-19.31894483420535,-8.255526290269149
-47.71532876323141,-66.28547501725147,-14.136080765467131
-48.26498891125469,-53.978931911294396,4.020148932995622
-30.292377561369573,-38.46924413818412,6.14560665531054
-14.285251138288839,-17.16194190852348,1.8304560876386171
-59.61032886360473,-73.76380705956441,4.862691533805706
-35.1749721771449,-54.73356036529384,9.711650238744815
-31.562078552536555,-48.571905220198914,16.07175663763256
-8.728874413726123,-14.023480708788538,3.2585186585368455
-59.54252917384312,-94.31928486536881,43.2153903372389
-43.45449447533859,-63.50408741531774,32.831945217012816
-51.964526125362056,-77.27644095557092,25.587549414220888
-16.09127045156525,-32.338935256583554,21.521406904439676
-33.6889367518524,-59.832897674302366,46.45244978821647
-23.299544698737794,-42.876415177348626,43.32742327051254
-9.929166586902674,-20.497157712002902,20.258610277466904
-38.13435848226712,-63.3067555115242,71.21599425249174
-29.615558663550118,-73.14080666027502,63.673445897628085
-14.869499439228937,-22.16840942620557,38.18822692182949
-44.01651687303398,-65.53009093345128,122.1044669908203
-37.44108357148374,-58.5208568976905,102.74813347114159
-32.72616631670588,-43.74888650498777,79.93426891039665
-32.721925720369924,-70.5682345542547,101.42496585500604
-9.117623876132491,-7.682475381979774,26.784219397314665
-24.111002936182103,-23.20597276173118,59.94364329404253
-15.59668541159371,-16.22515203264951,46.14347882429051
-27.242994113503034,-24.963796896999487,74.38925044554564
-17.6388330169396,-20.06030677992083,68.81238273777959
-30.197609699117873,-0.36459948849246526,79.61248876629683
-19.58630143653242,-4.796293062186473,55.201769658214644
-30.51575026416395,-6.7308381122407726,101.2308148665698
-25.07907391692161,4.689832002492541,56.74156681108866
-36.58796036110656,10.434475195477546,74.37255601785749
-3.9687610308655454,2.3669180911962764,9.112639098698594
-11.425176245611665,3.7206715550238787,23.643106517065245
-13.764264165329548,8.307143568376501,22.060172081253143
-36.28565218378433,26.98591766222557,38.86414709853873
-9.678293482080647,7.168641430566456,11.283761269518237
-39.76495518123395,27.553932577562648,25.749937082128746
-65.54995004461563,43.34684412666842,55.22279985872836
-69.98388326206803,60.845523290990315,59.77441986235093
-59.3395406023148,36.910577125941515,19.922735373798226
-31.014603037726314,20.045120935865842,11.944588689609398
-38.92187503305989,18.58016911655287,4.114856319028743
-92.71294788126636,45.48755767387008,-0.9130174387112102
-69.20012362285881,34.79746519943141,10.72245099376255
-101.48107765002204,36.534328303597384,-4.1986287023478255
-86.07176177926065,19.65754667810128,-9.651183518420709
-27.024576448711755,6.924917485134991,-2.7153817732476337
-49.033106122262886,13.527666719523905,-4.5584500130992405
-96.31800809662664,10.721078736789595,-12.873920553241678
-82.99751736365577,10.850081721839844,-12.699022537453507
-46.42817562024479,3.908467921822143,-9.828892866045411
-37.58608989551537,-4.729132965217479,-10.584876083953887
-160.4904090858295,-1.982657230412528,-42.4449921948814
-100.10947432269595,-6.372353231929796,-20.49195465826829
-89.92812656233004,-15.31691247527913,-24.954015682186874
-70.26408356927799,-11.357388181783227,-24.191360845457563
-138.08696575470287,-28.9404311231279,-36.61176989302718
-26.36129636118511,-9.846996413332354,-7.490068428765603
-62.236614944948734,-23.869819514614782,-18.716481829844827
-88.37822791686892,-34.240309985793516,-30.38332821727986
-15.695162614339546,-11.714856062705955,-2.9251362605679954
-38.3726095314295,-22.776576329469954,-8.723796709404736
-69.32086098185509,-40.706313262420565,-11.923140165071773
-30.00628459927078,-29.54740781131907,-4.1189240589058365
-112.35382978289687,-93.93095812147453,-0.4037018045994163
-64.57786918954771,-67.16060542311924,-4.822809097812358
-73.38030852989633,-82.2642637608009,-7.343636276111376
-37.69766030493549,-34.80630476885757,9.63524655938617
-10.503799506582633,-12.08892697619723,6.009358409117861
-26.31568473238205,-28.95151725958703,13.368210773370055
-42.241665647561035,-45.26997148174601,23.98603136610705
-48.43019772685058,-54.57601572663452,21.700312694964417
-58.71165814171951,-63.143461967454584,24.359134187656554
-22.82263852794961,-28.28119511437595,20.129864554123156
-53.59680948817128,-59.138644931129825,43.922925199966365
-19.625437690052852,-25.632798711394067,27.14975264319658
-53.463672415496546,-59.56603613705754,69.28860529493656
-34.47174297867702,-40.56046389351547,44.94640938407107
-34.264044040093765,-27.625150261153337,52.550208263133555
-48.57949513773651,-48.04771405149043,84.85810706189653
-45.00093517355535,-37.808946766698554,73.29198827814639
-7.4258204411862305,-6.078928057523298,12.354146879226603
-19.462450629429828,-13.277006459549602,36.94614547694508
-33.049534768106426,-19.439282291882183,57.67169198208626
-46.46977624854636,-22.363671975886273,81.87173437075965
-23.73809243240411,-3.701328421967903,42.552059894639385
-43.38385516370633,-13.850479628435046,69.34211178932324
-9.939411800262793,-4.244269514393296,18.53188613271832
-53.1810582038388,-13.097729736488926,95.90831207505762
-27.27974454669895,3.6540694990091342,42.33443761129965
-51.03568021770379,2.970723542005036,84.25357593604204
-36.59941213116489,12.125592244610878,45.68395244434194
-22.052686898350128,8.080870252489975,26.248306238378134
-56.257923780546925,19.825203163152423,71.27172697028413
-59.78055739122672,12.691062322932096,77.96984556557426
-63.60269235514537,25.09287757965666,54.316654243298764
-31.214714600820226,15.114913405145451,30.670251684087514
-40.62304612425369,19.25745122910482,26.983910638094056
-71.99504425105506,32.71274530393919,49.65201513634237
-44.62240644444716,19.214960523359,17.924959619546737
-21.343518271794366,9.314779120219999,9.311691217588251
-71.57972195842676,30.085969333069823,22.118681551496845
-45.402502052873594,13.784514528226918,8.559159827708237
-105.1117076381053,33.16567363479148,14.747879816840086
-83.45545680194643,23.3315192414729,16.236004696789916
-53.99818655767742,11.373800299265556,3.614147725658078
-68.9722402607661,15.686819219881556,7.933318443805795
-23.720587668297647,3.3151604982366933,1.5207383436401742
-82.17839822037914,11.365851297380702,8.342399078281245
-33.633976817507836,-0.07664373535120328,-0.9863167136407004
-63.74504557968973,0.24570469514628024,-3.827632778279551
-101.85307463016454,3.433571124641869,-1.9384180536683646
-76.85653599075854,2.8842626348201574,-9.977412957578284
-41.808176946893056,-5.847638430616995,-3.7136315236649704
-71.28486033003024,-8.89549581860808,-7.005862118192802
-104.88040135470209,-7.916891770913148,-3.8566141658680415
-41.49587275349347,-14.654010736150703,-4.134445219114973
-85.99204813577875,-25.154281962085232,-13.370657330160261
-103.54687584617365,-32.76762741973757,-6.984957236751009
-14.981647187037524,-7.041613183069278,-0.611274952956208
-41.26468980778414,-24.034121500653377,-1.194968582690661
-41.39901616080326,-29.5067478224605,2.756728634244426
-94.39988699413622,-73.9297435666784,-2.319050488312646
-14.252304360128203,-11.567453585103372,0.8822493375229112
-63.64313844006786,-47.792815466789136,5.8257079811884696
-52.89368880838391,-39.834959162704656,15.645280431615609
-34.82605107639219,-24.110859437911255,11.525500906454276
-57.345436911184436,-51.93992671980658,32.71950961340631
-31.933255937304637,-26.156450882187546,15.912207842851222
-14.135744808463262,-12.475043072171575,8.075768818061114
-106.6961734187331,-80.30543110293041,58.60135515686868
-30.852018064597388,-26.352881873538006,22.787451359678943
-45.497849349677864,-43.65837263610985,35.11854243727457
-58.26659023839365,-50.15230060642311,45.89226434335943
-11.61517179687111,-9.579121437855044,9.401075258523939
-63.210258921543755,-49.19968454379753,58.00480023781496
-30.530954448347558,-25.416211171743385,30.486475011266478
-60.34097146991931,-53.793978161325896,69.99653794835505
-34.06662283562176,-19.998843480019463,38.463407566585985
-58.24884721214467,-44.8311562497902,71.23748202539048
-43.29639831667184,-19.362239833743235,53.60569989351936
-23.312054848400116,-10.405390003690457,27.087705305711488
-64.81258757032137,-39.93509706849311,90.957636571134
-56.16755784046823,-23.192072427654324,72.20380738410213
-12.036709698490363,-2.0942099397388656,14.18616010399316
-31.082832313184532,-4.01804735364077,39.43408170622244
-64.63129523900261,-15.715565793671463,74.15774707301476
-54.0448509518422,-6.881558488158219,77.35225443550014
-47.93312474472843,0.09337027305601603,55.64040321401259
-33.13279990765565,1.52546134791493,38.35896469981347
-103.07352789722125,-1.6038425427767353,110.85222881589577
-22.804020323182982,-1.0184952337299342,25.417768632163146
-11.825372822867077,-0.6901094674208849,14.651578543832287
-33.455812703531684,5.128140900215521,34.672425072990826
-16.00385408416061,0.8972467318602388,15.81740630711548
-61.396618053623804,8.22108782756628,67.69546878150922
-33.76138417558078,7.391823985173271,27.188453286414887
-82.83780840998713,20.83112551316181,67.05229901370299
-33.058271984498916,7.648920900052933,19.60457776161934
-10.015354177355956,2.5238468310824764,6.201846283260869
-41.33620731399672,10.440000055109131,17.771754256639365
-97.95733627546176,22.786666785014173,41.35179273649469
-69.11222037267991,17.31857381330599,28.941016304346817
-39.8616728813306,6.871179383928527,10.659855036177252
-29.69807192292177,2.9141832773939975,3.505006882609531
-56.38231496588471,3.0679686826324164,9.974803719665294
-40.183336243842554,-0.8962516755404164,4.455306552307033
-90.04151588889628,-10.188817710654789,3.977084512800607
-100.80609174581755,-11.911629880356859,9.401359612913396
-79.89464434878131,-13.599572545493668,2.259800650165305
-51.91451801571251,-7.490771335219466,3.081330815714116
-62.9431167777251,-18.152168458757725,4.806082508949054
-29.65876689032628,-10.217938939272562,2.3133101872596367
-67.92024284067945,-29.795571859002806,7.0022344099057605
-33.44489600600132,-14.749333626041876,4.357785391846818
-47.78135515730677,-27.7377175722643,10.257264725111655
-69.75373191752593,-45.90436517337367,15.477268917892474
-30.57068694306154,-15.851397687253126,12.779899059086768
-42.95416878533907,-25.544403849320528,18.37262980046793
-102.44405816154506,-62.974456618341904,44.5888476246174
-65.24171634649046,-27.96718179264377,29.343691202065894
-31.24387870399903,-17.609968857717917,17.191565741532724
-36.625642632974476,-20.63564323550343,24.773326693666114
-54.841391593086804,-27.058038585879444,35.41352237739756
-41.63143762628525,-22.773640833699165,32.150102584999914
-59.17001210443354,-32.12853209399482,45.45617883699238
-146.39449588619846,-71.70855798905387,106.45333534899599
-34.86549918765842,-15.069902311866398,29.217514311190122
-10.630467859946782,-3.835273728976876,8.216911567793433
-22.19751148310922,-9.151720122846017,18.18897676175833
-61.232217633076495,-19.466673485399458,53.95085212095419
-45.40963118427932,-14.488075118092702,37.99691717531741
-22.55974971708061,-5.107219792215775,20.017690824185372
-52.244345951526284,-12.76091408080118,50.156824732482846
-64.4162702205466,-4.640726732066062,58.94263381953724
-8.842899461405645,-1.0907848618259588,8.178962519963326
-26.323465686077082,-4.020623153196533,21.53617789821332
-49.53583446244711,-3.6272177424806875,48.26068016534082
-48.206316693493434,0.5590779057574209,32.01239915853873
-70.44684178907978,0.5244539775638621,38.82398460777338
-84.9026247480084,7.021532472796711,37.38544060744513
-31.541901885953557,3.0825407559977682,13.767601250522203
-37.59417097523191,0.315668876625006,14.451810064287137
-72.88738567197467,-2.01142125809813,28.423890825784575
-56.455711268242666,-1.364543173523693,13.888228022900668
-72.61545656259153,-0.14668656893569465,20.885372521075983
-35.98173909432851,-2.3694541585388302,11.82880594427733
-73.64651633014526,-8.892026480711985,18.84324098553834
-131.37676853873126,-4.9517078376921475,28.412441008069454
-39.53378639186335,-7.9744049031877156,6.623770643509005
-15.195816012506853,-2.6434580309997227,2.8678491564859154
-55.500318359529565,-8.304060684905858,13.139476178708364
-52.42999826167151,-14.242667303435928,10.735298943856003
-57.85539366241733,-20.19651798755922,18.48790133395922
-32.05500499541566,-12.584752689354799,6.485058056497208
-13.128294218036347,-4.8619239069433,3.255692507065156
-49.11800624805973,-20.984946264679742,14.711593900337801
-9.79784573560323,-5.04132160177713,2.884064728618394
-72.64030137998148,-26.661709405593946,33.50716972133772
-46.190472628172756,-19.177359736014946,24.35587394750829
-11.39034767414944,-4.53293089789322,6.38539053527865
-53.497977658730974,-16.783674330105207,38.77361641112243
-30.85618402352128,-7.554041748937873,19.980808113042414
-61.53067466335072,-10.943300114002035,35.918620233005086
-38.9354269118456,-5.284291535125737,22.707750087813203
-48.512910374178624,-5.015188396288039,24.11305498312719
-64.54698612993076,-8.502062339529127,24.347802129509688
-37.68469135140378,-5.969985434730911,16.28006702188657
-58.68046297015991,-10.712296080677453,24.079631713133548
-77.75541550220541,-16.591929634457074,31.192405642624074
-66.04580391638038,-17.762952383122233,22.716147223619842
-43.68983941077603,-9.48035965526567,18.968798149375786
246.606958417351,162.86296995004867,-267.03163898481364
366.78998211262615,-140.07907777755418,-1.8292449888597138
364.1619004632445,-161.07650460757054,-28.26095831242239
144.80265827845878,56.27627693485117,-349.4537942496323
156.81049917034778,-4.887482837252198,-341.913131968112
345.8867359903015,-172.1227430016299,93.88550340428975
189.1491917393135,-307.57961773799315,-216.77752134073063
301.7887431916531,-326.2822820575293,-90.80731680363127
250.00229834475917,-317.1156123363194,-71.91431545543327
270.1984285767526,-264.466089591313,44.71837669479466
344.8783690871386,2.5755752495614397,206.26575462093243
-29.357404797034263,180.89777726732427,-339.5029774550992
30.111678726681028,108.06830884682915,-442.6569842637605
32.38017512080767,-1.7403364128969057,-411.55422426403527
130.01447812880141,-348.31486431305103,-179.01516691954285
179.33447833997963,-332.8571899512498,-86.42856959932088
214.5187222771177,-361.95132598889955,-45.42886571194826
239.3471548750195,-304.79739551209445,47.282477034409354
265.0741448205896,-228.51560281002475,163.67167597842345
271.7811747831965,18.408755279448847,263.6757205048805
274.9191219059305,116.21761652307143,266.80875860376887
234.5329070676914,249.23933344839725,208.32189069848346
191.39278974060852,247.47773916525156,228.31072318130765
175.28835955630507,317.6519511079749,192.72951963385407
153.24924814212807,319.7932773346477,156.15888051807883
66.16571322059731,377.3440149181855,-12.318053196283504
32.596526693434505,380.9324449157152,-73.46447259111994
-10.300880943704927,339.82109973599677,-212.0372748584148
-33.43543048965944,346.2564392093449,-155.29598289214204
-65.35528243411449,282.86311488167803,-280.4279330115835
-65.3414464796151,315.77714365932593,-309.7658909993932
-55.415315765783646,218.0865734751555,-299.22408579082474
-66.49025612081208,195.14537473186965,-327.50894966919765
-67.54416797388186,36.66072957736172,-401.3372122419356
-39.34302905541689,-31.44989044151519,-412.92299541824127
35.64280478098266,-192.07536938625123,-354.72947901083785
-10.390970367309144,-243.96650490796605,-371.1622525928991
99.56952480334138,-293.1749188368963,-265.45890604667466
35.10065224833629,-268.23950745646886,-260.6314652514924
46.592109219139985,-277.9148898815944,-270.44612559358063
66.58342429879775,-345.26406100036525,-180.33777546306084
208.1641428821843,-315.5976942028925,118.38086635831729
252.18435714748531,-281.87188815708186,169.1323046043303
222.5554730650406,-254.99316463359537,214.061036651701
202.7869664102581,-299.2876638850528,147.8699109194794
252.57203496305777,-142.88919841075028,242.15917701728898
310.5131400567942,-114.95903764151485,311.7555329222456
225.44269910089156,-14.682430698668844,302.13967779196616
224.96975577642624,64.00362707202414,316.0977184600499
219.67976233966732,107.95796649439811,296.8864530392417
252.00804169589793,47.40592691509246,299.3226065658189
5.66979743144236,410.26386814884575,94.85765848468102
-42.33743905002278,393.6207733090137,-118.27220002293906
-99.94311380850891,367.1915836644421,-160.43043590005965
-139.48022105406113,278.2651497647634,-249.76163190267783
-149.822110679527,91.33108656809097,-335.5737272119044
-47.10841389407548,-192.76584507046078,-333.7270551433951
106.53793422412286,-391.2231381605275,4.684715046769934
109.45140376252246,-454.0324818859758,33.387775828866424
131.87530903677077,-335.51911243636874,135.50864805704393
175.91431394891583,-256.1886544870973,221.09566592868174
180.74711708373314,-297.9746264656578,181.38895397110377
146.51704541793004,-302.8626888311039,211.85937209894925
198.69362911977322,-231.84252370405642,255.0666011368469
170.55942330979042,-180.05879539915617,300.60771641329205
170.37045714244988,-98.50513259953678,326.76142624972516
179.62700464297455,-2.605517188035803,334.1593575800648
124.61699127208993,121.15630510390909,339.01237415575963
135.69915570980987,101.58833869660124,370.846329934649
-87.16941235414706,418.07445016890176,45.08391994400864
-107.5682145225199,355.27909732499256,-73.55154717702005
-139.52166578165998,343.92853243156765,-78.49419466182626
-178.3720851313438,-205.02445668786447,-365.77690375683954
-134.67923920375176,-177.34588162800327,-304.6188620344392
-153.72625339264135,-227.09520317617432,-332.19585736835273
-87.08606855503834,-383.9792720219457,-160.01544187918893
-65.22179837061998,-380.13544418695784,-147.15469280073543
-55.88337768343585,-355.31323417710803,-129.8460583201598
13.98815181516844,-431.6275919621594,65.49294821300931
63.859144226425094,-345.73058202290304,151.73344947974704
93.60806675579093,-394.5765861399751,229.14070278040296
122.44893145138752,-290.7815864360141,208.9831394931494
115.61184742950432,-349.43834290905886,190.45976044370587
92.05119638213122,-303.80016602256245,207.32340784065337
121.71052595805122,-285.1318054982259,297.01605857817486
127.06979339661828,-221.82872110830584,316.1469424599054
187.78065686795605,-100.2119716727419,403.30866891954037
143.91907430775598,-127.58652264939059,327.15934550108466
96.0370096906966,74.54963159236962,422.3778648280466
121.3856519525589,63.59026539170699,429.57987579060534
103.90235013276674,141.18996085995843,389.37609748445993
81.7457232803281,99.58508341391288,369.4954648214346
-32.1934646333688,386.90503041006866,230.56346755051922
-129.81513960646845,395.2434490038046,138.71754781969275
-172.36531807971102,406.84012092010335,67.588883934632
-208.53213611636255,226.46327518668397,-219.36779050781743
-223.00356934243717,38.04852273661174,-301.22837474900007
-250.43169901576303,16.606443765417268,-321.5269465879476
-175.92766079232018,-217.11780098540325,-317.8630680792595
-121.1890737199069,-368.15027977757654,-184.8281148016835
-77.89068684711907,-397.1231747901253,20.386501049089386
-46.8661072542599,-377.45719701544766,8.282019919872784
-41.71654469779947,-389.26118325802895,75.19031841604574
37.496607208918846,-345.0265080713634,200.99746459039665
65.79486918270794,-269.941999225249,268.42789132717496
64.33838266423663,-71.70182642906883,389.96910446413006
46.45805269657122,43.00207635839696,398.4880751768293
21.44590348682702,141.1115920962897,402.0144831993602
-174.30941955203875,340.55532153245736,33.1840174612326
-233.83109059471133,380.0505049179791,-19.43786592476996
-212.13543635976055,324.25905938739686,57.63177956622492
-187.97097842740175,-244.83899227175735,-219.6988552453305
-175.0156187221742,-303.3439714831885,-147.42385757537608
-87.37995600331215,-373.0539882389312,24.18568221910222
-18.02680395169097,-337.522386155327,203.34975295708466
-52.939444890685664,-406.71545192231576,182.32734245967825
-74.96329570876794,-372.4107385893627,156.30432170432164
-63.48644194253351,-405.73323884405585,126.0561547161516
28.07038767512737,-231.45793225398205,301.99677931760937
11.531955827358821,-200.62520033745736,337.61507509446255
38.94252440956845,-147.75262117090898,427.82927797192224
12.746453619508408,21.27204006027906,377.7408591890354
-92.79476711449257,208.73894810186357,335.3361151946068
-270.2397632829323,262.0942600350945,24.218710569981774
-79.27250112303948,-270.6965127262835,373.4710176787563
-83.24488502385516,42.009510307301724,373.5225591857289
-240.37353666169503,233.5811530522135,325.9571607955518
-292.4399012078276,-202.98086987097025,-155.76594729220517
-275.2585155299497,-256.12279701083503,-79.44146471509873
-314.1625284188351,-226.53756599481312,-97.31849775791132
-351.549375378473,-202.77247898000942,19.714472888114276
314.5052386116135,-346.1133717122907,-142.92662047155727
222.30257712933852,-348.1317855353433,-260.8776753753296
42.17928869742771,415.30666763616404,-293.07213153581097
319.23403964509646,-382.1265792752159,41.79943194744253
339.75585703476975,202.14696473540755,338.2292053103831
-76.63194444804444,-80.18845757642605,-473.1943812793913
6.889515956567278,-282.1715049821298,-423.02257529207094
89.41256424410794,-432.62401423348365,-208.7359425906085
106.46685217743354,-492.7932124127492,-173.22257548713316
-150.46909186505064,446.5185242501176,-212.03401419477507
-96.07833293271337,-118.47139068342216,-503.3575958429244
-96.39294512628459,-127.77120397831646,-449.21967609228363
16.128465840335235,-349.22872325751433,-343.1664307992263
216.74192192767285,-425.8997290245646,156.82511996611868
105.97226194305755,-471.8760830090357,74.62936700635109
186.36414156175277,-363.30621762002176,262.01682166282876
251.8921877467358,-281.4022665765852,341.1604073942743
67.94135733833814,-452.2144912141091,130.54241801407025
141.75479355009134,-391.46798973881255,292.9230537378112
155.9856988908328,-101.93886475792306,457.49323081404134
-131.21279789323592,-424.2159847909479,-203.37668097230068
-183.8678089626483,-380.2995293275005,-253.2265474853832
24.10692177205709,-473.49791488016706,116.97156328661214
77.72540455707116,99.73528667799599,474.43066167604115
46.385101603455915,142.9503075291211,506.4850044168031
-176.9016519801806,447.91736760771573,238.43790196849739
-353.7131216737166,111.94572353692848,-325.8471463078296
-345.4104260085412,-4.611345153042316,-349.2568427007062
-218.57467003786329,-371.77846071579427,-201.87541797785042
-8.067092993954002,-454.37112221254796,242.7932025461049
11.891748376888199,-184.49452551399935,476.6947649603941
10.189931502938663,-2.3532458405147745,517.557674247765
-239.72089940362963,-390.6822175985205,-185.1435226485306
360.75544852246503,-390.1408028101961,150.9214367833397
-29.925164083442006,486.1812920221239,-243.7387994512771
-6.081584886598346,-278.0676219502916,-494.3057148821708
129.40586748486513,-442.54835831903506,-371.1150577103223
248.28296406978706,-464.52493813303,138.32270570597922
329.33889861455907,-227.43208954834176,369.4103763229078
351.5474664605772,-184.60395849722596,375.4546810680531
276.54166303248826,149.90166760947704,458.9737318181403
-50.20162436702218,-387.0649220633379,-443.79249551272386
244.5195422536629,-444.426622931599,223.84293907589247
211.2640993365987,-433.0426678204152,264.93313557447465
-81.05039976561318,-536.1529663705378,-201.07365113443834
-49.97169234523222,-548.5020504709946,-96.11411639709912
144.49674231558612,-440.22183495399685,352.6805313283321
165.37197331105222,-462.9187151219528,239.07388158494211
207.19616605932444,-163.54613291313314,483.67504116636854
-91.82247085936814,-542.809984515604,-24.149582634740778
-12.223886842534412,-506.3824729751404,226.5637879160485
55.552042078926746,-409.02267006394294,362.41582762629594
-326.83166533373384,444.65629653202603,-2.6548062909924726
200.95756126891476,-382.170760630387,-464.83415544422223
152.85506475283358,-436.4837419307354,-387.08250776535203
329.7972084873042,-441.5178263349055,248.69372949638517
-148.81791695489324,519.2590852725789,-283.74142125127685
-194.15089136631053,364.3377057583352,-468.3666471511267
218.38303439713275,-519.1030857465794,204.2144316102166
238.51264542749794,169.2862906980914,551.7725759364689
-294.11086357653573,485.10993544983046,-256.09853366541546
-68.79714157586335,-473.82603156731386,-375.1256973298904
74.45837412195095,-578.1804484560096,167.1555662037863
-283.53358143016294,548.5958130235124,-82.15673703047017
-243.47235892138855,-433.3620282257559,-351.60542215428586
349.3253589714057,-479.9749331284749,-298.64120107655765
507.16844438575527,255.72993252500396,359.58407343052204
458.89951473688416,356.7401121236542,339.92585602174233
399.61912781663,255.4117055052665,478.67965330775144
-113.02216811222709,392.253533423104,-517.9030266137048
335.1995206095752,-547.5330789166828,71.04910317857582
391.87740902815744,-443.4214005415781,319.8744391874117
-59.67791506387219,-324.04613716683485,-552.712268885108
173.20316479584136,-416.7438838175773,495.08654318236336
154.85324756694627,-374.79123175505293,511.1605380368517
-22.848800471441507,-636.5130108753903,-319.1885323140827
253.82760185867158,-641.885272899167,129.61904110328035
-48.6484822271711,319.4450175582674,624.4409417012064
149.7614188017695,-378.9435063042081,-626.9421976017734
275.0882366621564,477.13568485325084,460.5627371190494
284.43210437777407,296.7620980361631,608.0106816812638
-464.0979155105199,-159.6727863942553,-555.8646037985918
-332.40035111109154,-361.02504320595926,-529.2347462296119
-566.9133024928633,431.71509988644544,-87.50236108674292
698.027052221918,-3.0640957562763758,283.40363482649127
53.3973752857589,-642.9645786543156,-434.1659674776149
-159.11549962276933,-328.8092419769275,-700.2865882456026
-271.5683481639387,-178.3954621396283,-731.6183266359939
-276.34745247885576,-454.8572733450402,-585.6860395372171
-280.27758760473205,-740.0155562772165,-75.24823652260682
382.66732798671546,-622.823154562456,395.2123439961167
318.2531077102278,357.2194351048637,661.8717607984468
97.15568772016874,-294.09136175896447,-784.3547148610019
119.66658479850301,-635.2068301449617,-593.247529773938
-294.60261502338244,-108.2608025091076,-802.8060128934004
104.39874271776883,883.163677411485,-126.14242050843407
333.0935133657592,-701.4759623414728,529.7469116172379
215.7681658227488,-925.6656572536381,-32.80267452984208
-30.104185380839674,6.8501739674672235,-987.0801830619168
513.4811744327318,-463.5666327841868,707.8385325953562
-186.42701195179473,-798.2289758330967,-559.078384786605
