,r_med,l_med,b_med,pmra,pmdec,std_pmra,std_pmdec
0,24.0374928384568,20.0,-80.0,146.33513199169732,-229.11042192395675,319.2592548064325,515.3367531855853
1,24.0374928384568,60.0,-80.0,257.55478747526735,-116.56206199450982,357.0081133100934,425.88111683928287
2,24.0374928384568,100.0,-80.0,107.12261533393017,-135.92382504625698,239.3065960405291,248.3865472677211
3,24.0374928384568,140.0,-80.0,118.57242403655631,-110.7861601871315,212.53739657209306,204.9000706393933
4,24.0374928384568,180.0,-80.0,142.13251619475525,-123.4800746988268,248.01980786144998,199.50261494613153
5,24.0374928384568,220.0,-80.0,170.5043173223613,-106.09049000265072,261.601500421042,212.31109478768582
6,24.0374928384568,260.0,-80.0,124.09451801461441,-75.6902408080617,191.81633995676614,165.22781577022215
7,24.0374928384568,300.0,-80.0,275.65315026515196,-143.19023612687798,310.0401191087476,208.99382661102157
8,24.0374928384568,340.0,-80.0,283.94862350084384,-129.59595258670254,966.7670866929376,421.94488111171415
9,24.037492838456803,20.0,-60.0,205.22791024714743,-103.33555871424079,770.7288467031528,217.08438438835537
10,24.037492838456803,60.0,-60.0,83.67613434017515,-91.82499381519844,214.03532518047132,152.59584829451495
11,24.037492838456803,100.0,-60.0,83.00072683689973,-111.04070851773518,299.36971318084977,201.68172100737004
12,24.037492838456803,140.0,-60.0,67.12533859157928,-151.21518079607682,371.42673089087737,284.57836399215086
13,24.037492838456803,180.0,-60.0,78.95736641831586,-83.80185650113916,190.85117623878347,162.32648317821088
14,24.037492838456803,220.0,-60.0,134.10177176572057,-33.32802445789418,177.01524752306094,234.8351569704127
15,24.037492838456803,260.0,-60.0,170.1047136170574,91.94377140862575,432.9872818640232,205.9636265318054
16,24.037492838456803,300.0,-60.0,147.38974715358847,-28.364919363427752,238.695549993577,188.92168630079377
17,24.037492838456803,340.0,-60.0,93.76165346477167,-132.5850544877487,213.8314151318445,174.47509866380008
18,24.0374928384568,20.0,-40.0,53.7660017750128,-176.6517280046455,361.8368875843685,323.5493840181789
19,24.0374928384568,60.0,-40.0,119.04392108027288,-91.97396689207619,199.06371352062848,165.2516919796477
20,24.0374928384568,100.0,-40.0,111.99927975508618,-68.81311782497332,232.79955582745774,147.44930301842356
21,24.0374928384568,140.0,-40.0,116.46330971834715,-85.776314405947,193.57925025598706,120.18441682882381
22,24.0374928384568,180.0,-40.0,131.5069772918708,-122.74603139229562,266.2230633919865,346.33967762038424
23,24.0374928384568,220.0,-40.0,35.75034208640527,-79.05659483391021,252.33267712264123,341.13757118612966
24,24.0374928384568,260.0,-40.0,138.7217376262825,9.58148399928453,623.4847857740541,558.8337864602466
25,24.0374928384568,300.0,-40.0,109.26168773642266,-33.21396290319153,263.0197296051734,235.03184351921078
26,24.0374928384568,340.0,-40.0,89.5889991019538,-145.78733460048562,380.83228556180154,295.09392442149675
27,24.0374928384568,20.0,-20.0,49.693584928140055,-123.39334331712092,173.60243563491903,155.08308260018637
28,24.0374928384568,60.0,-20.0,79.38214420009008,-60.23011435712552,188.98482938754353,185.97568246135214
29,24.0374928384568,100.0,-20.0,120.95994282327656,-57.916752646832485,324.1230228194796,163.02143205575027
30,24.0374928384568,140.0,-20.0,128.82645089060588,-131.89161405669182,272.9990026591454,234.21882572341332
31,24.0374928384568,180.0,-20.0,106.29847403330099,-89.96248086101029,152.4832038171207,160.18949196472852
32,24.0374928384568,220.0,-20.0,34.140999386268206,-84.97800797431435,176.04104250515255,278.438607524308
33,24.0374928384568,260.0,-20.0,-5.793184629052494,35.86670131510988,149.13160941152876,243.68821742200672
34,24.0374928384568,300.0,-20.0,-67.4628334770582,-1.1912457491723594,190.32897188667283,202.1087403581233
35,24.0374928384568,340.0,-20.0,-7.685707160262133,-147.56177106907458,138.8539922895526,169.34028166808037
36,24.0374928384568,20.0,0.0,5.1723003771203455,-129.58279133211872,134.86735128152768,229.45920027704753
37,24.0374928384568,60.0,0.0,5.16945884468604,-78.33525832435754,210.52359247096516,238.48784562646375
38,24.0374928384568,100.0,0.0,150.7701914150527,31.747850088542368,516.719466135189,420.1818028109209
39,24.0374928384568,140.0,0.0,139.9368318056653,-129.38753195326592,392.27596732847707,233.9126565488635
40,24.0374928384568,180.0,0.0,25.75349271983417,-132.42702322856894,137.5145209666,164.31047277857007
41,24.0374928384568,220.0,0.0,-41.91191382855528,-54.9042102375706,138.80854791088794,145.42366968791012
42,24.0374928384568,260.0,0.0,-71.3072755530181,8.400444833481098,182.62089236449114,246.69476021373757
43,24.0374928384568,300.0,0.0,-122.83672976489359,-60.630666867641764,212.45895702045675,168.3177242932287
44,24.0374928384568,340.0,0.0,-48.602230803007764,-159.5356682494442,245.9573128450395,201.33743064432954
45,24.0374928384568,20.0,20.0,-60.34566289092224,-122.03047566806323,186.84780591796834,240.9245958985328
46,24.0374928384568,60.0,20.0,-6.607618405111763,-56.418528275200714,147.41100942942458,227.33746655101496
47,24.0374928384568,100.0,20.0,62.5007978492061,37.48174977630006,183.94364251578682,245.0615186896248
48,24.0374928384568,140.0,20.0,39.98093582750947,-94.75677947166159,177.69941787333906,180.93455572789463
49,24.0374928384568,180.0,20.0,-19.497239227137268,-140.15834481890397,148.33170454455433,217.83714092924166
50,24.0374928384568,220.0,20.0,-36.180927468115605,-107.61285270480383,213.9892756321877,186.01754833227173
51,24.0374928384568,260.0,20.0,-102.96042658330838,-41.03320898088984,207.23880278748678,149.44463478703392
52,24.0374928384568,300.0,20.0,-136.88909655801868,-68.03055220172281,274.31054743798364,175.21949983524175
53,24.0374928384568,340.0,20.0,-102.52515356462432,-108.81826539359952,215.29496618080782,169.38164488535543
54,24.0374928384568,20.0,40.0,-49.46255324323554,-121.39613167354507,161.4759989721797,261.83103442235085
55,24.0374928384568,60.0,40.0,-67.14174848969346,4.5902175171493536,185.32797622627123,244.21912901678664
56,24.0374928384568,100.0,40.0,-76.52306422135227,24.440593933034123,201.48698239003514,204.9832700704719
57,24.0374928384568,140.0,40.0,-104.42732571605242,-110.00865953739533,347.859526469441,321.29187625444604
58,24.0374928384568,180.0,40.0,-103.0186006234423,-148.75193620756903,241.626781663276,196.32467429563454
59,24.0374928384568,220.0,40.0,-77.40180382891508,-103.65074007431562,182.4299998181787,165.03820332845348
60,24.0374928384568,260.0,40.0,-116.5122053774686,-91.33399677437384,273.666069529821,184.9969625835245
61,24.0374928384568,300.0,40.0,-121.52930304690283,-119.22274527000143,261.42891635284104,267.3775386106424
62,24.0374928384568,340.0,40.0,-133.05665437286945,-186.04821580813294,325.30109535961356,490.31995850744426
63,24.0374928384568,20.0,60.0,-131.7177979464608,-64.25766159107035,257.34732733270005,221.54518547008126
64,24.0374928384568,60.0,60.0,-66.34385264835055,-6.731009597502257,178.51627673945003,178.92737193471874
65,24.0374928384568,100.0,60.0,-74.70778908350378,-11.773907971483847,211.8667193399414,156.65592971618494
66,24.0374928384568,140.0,60.0,-111.77254521527878,-23.945087514488336,193.84265727653622,110.98616759653156
67,24.0374928384568,180.0,60.0,-120.60500699295618,-132.81462111468403,290.8284164112738,251.75761580498747
68,24.0374928384568,220.0,60.0,-101.10014092607967,-102.62587710810101,191.40444547386284,160.7308203690941
69,24.0374928384568,260.0,60.0,-178.256148909234,-70.35318461540491,271.7923808053838,202.69420697174405
70,24.0374928384568,300.0,60.0,-127.53291613825166,-91.78518326027702,236.10241411892628,190.53212877452592
71,24.0374928384568,340.0,60.0,-134.81170325076286,-59.84645032494375,212.54953322195297,177.05817552010066
72,24.0374928384568,20.0,80.0,-121.74379030726566,-9.867615078802396,205.44456920499488,154.08859607738037
73,24.0374928384568,60.0,80.0,-90.21250876351482,-27.124558654703048,263.1362196502984,266.35295596436526
74,24.0374928384568,100.0,80.0,-101.08536056509159,-88.8339166103957,217.71311122441023,162.41368711117585
75,24.0374928384568,140.0,80.0,-165.18329759860418,-20.965363871726943,192.44790225415517,160.88794215260782
76,24.0374928384568,180.0,80.0,92.02254389473326,-336.5635897558808,794.0099010535553,1098.7403663459538
77,24.0374928384568,220.0,80.0,-126.70406472547315,-94.12280477728251,264.05952620579154,128.7497234047395
78,24.0374928384568,260.0,80.0,-195.3327689554049,-116.59866181188605,252.89236292171805,167.03790312577922
79,24.0374928384568,300.0,80.0,-100.87324439585393,-104.63823939581059,194.9012621852729,143.7741059746648
80,24.0374928384568,340.0,80.0,44.34592787104226,-191.55795620967498,475.0412377306921,468.105087288477
81,54.32283605232578,20.0,-80.0,,,,
82,54.32283605232578,60.0,-80.0,146.57782410915362,-51.64325996367458,235.21227586859465,123.40269257182983
83,54.32283605232578,100.0,-80.0,94.48778067661098,-90.80893740178412,195.08452191431323,195.2361389883703
84,54.32283605232578,140.0,-80.0,88.92752845213883,-84.66232746684447,174.24645472204608,151.48058679959573
85,54.32283605232578,180.0,-80.0,112.1747652453544,-99.22035324721935,198.99347002952277,164.80829774624553
86,54.32283605232578,220.0,-80.0,123.45279412041499,-67.54311956785395,210.61638091619574,182.24140963881794
87,54.32283605232578,260.0,-80.0,102.07817068385127,-38.09447582984246,169.64708211604108,137.76085224254695
88,54.32283605232578,300.0,-80.0,173.92865824494098,-143.2430215839827,277.18450663983737,291.68463153475295
89,54.32283605232578,340.0,-80.0,201.6683550859959,-99.63003494206372,743.3646717634178,325.0162349048484
90,54.32283605232578,20.0,-60.0,,,,
91,54.32283605232578,60.0,-60.0,82.44338822224455,-74.8760835608885,188.34523806854997,138.77966429175407
92,54.32283605232578,100.0,-60.0,72.99930185195633,-105.42162418564901,245.58234425547735,180.84981297031214
93,54.32283605232578,140.0,-60.0,52.73908362368735,-102.20695368762496,281.85759630616917,221.1858853776714
94,54.32283605232578,180.0,-60.0,77.80854852004681,-58.7780997084515,166.97426650807193,144.81014906744977
95,54.32283605232578,220.0,-60.0,108.58501534001256,-47.707179805581156,169.62108293601295,216.13873289495484
96,54.32283605232578,260.0,-60.0,119.14875833166357,48.67417755572175,323.1861933194712,170.5819322233665
97,54.32283605232578,300.0,-60.0,129.46926842473627,-13.769279612616264,201.3514482861835,159.6181496029918
98,54.32283605232578,340.0,-60.0,88.9003924532115,-103.47701682922015,186.55879664927718,154.88598478226808
99,54.32283605232578,20.0,-40.0,,,,
100,54.32283605232578,60.0,-40.0,84.20944036512486,-80.36257963130697,187.39409906049684,136.03123072224224
101,54.32283605232578,100.0,-40.0,93.2146993496797,-64.95045097817116,197.9015934857071,133.7365077686629
102,54.32283605232578,140.0,-40.0,107.10161458821942,-75.09892155091414,169.72537992742974,106.88984521765916
103,54.32283605232578,180.0,-40.0,95.35218041265406,-96.59453864527168,205.3941198500555,254.21507906179258
104,54.32283605232578,220.0,-40.0,47.805299424602964,-54.21034225650907,195.32554635881695,260.02576131598954
105,54.32283605232578,260.0,-40.0,94.41462394312673,32.61973376166978,436.79086699133,403.5796783560615
106,54.32283605232578,300.0,-40.0,87.83639835374217,-23.403437799481797,215.52989178481306,199.15595113481305
107,54.32283605232578,340.0,-40.0,70.21187971831911,-116.97944293654287,298.7554491706438,232.95470544231895
108,54.32283605232578,20.0,-20.0,,,,
109,54.32283605232578,60.0,-20.0,70.23370283435224,-49.9484648815401,161.53655444658725,160.30862404738352
110,54.32283605232578,100.0,-20.0,91.8076598636037,-42.05733153497908,253.22296729451668,136.1064237067095
111,54.32283605232578,140.0,-20.0,90.79840600118398,-96.44212004063039,212.92819883629093,175.3051723295314
112,54.32283605232578,180.0,-20.0,87.06575662275367,-74.15526630744883,133.3771177674309,132.51741558218654
113,54.32283605232578,220.0,-20.0,20.918073587061258,-53.81051162092577,135.76607528491488,215.173302844326
114,54.32283605232578,260.0,-20.0,-1.4062073183280208,30.412502810490178,126.93310410372095,198.5208473729153
115,54.32283605232578,300.0,-20.0,-50.98362042268426,-7.601510392887421,152.74972964282617,164.1841123431398
116,54.32283605232578,340.0,-20.0,3.7840069412979345,-107.66045301048248,110.36863030964842,142.31485364220018
117,54.32283605232578,20.0,0.0,,,,
118,54.32283605232578,60.0,0.0,13.678814038812412,-53.03190318317879,166.0928727681056,198.80202618851425
119,54.32283605232578,100.0,0.0,109.36583547329091,19.1682547922703,370.90758467391174,300.1774270338307
120,54.32283605232578,140.0,0.0,100.17034408703948,-103.75805353848001,297.4677330053796,185.96125048339752
121,54.32283605232578,180.0,0.0,22.04872563976244,-112.94610395524018,113.16503528188383,137.15100576187575
122,54.32283605232578,220.0,0.0,-29.42328669430489,-54.717401149853266,122.91197461930342,132.94895103886765
123,54.32283605232578,260.0,0.0,-53.01465285335378,7.688561330199184,154.74042485524393,192.8883067986364
124,54.32283605232578,300.0,0.0,-111.57513742012581,-46.619982427660105,194.6099267319038,146.359237764966
125,54.32283605232578,340.0,0.0,-46.05506663159634,-122.2579223567853,188.0764811406639,164.83214373811506
126,54.32283605232578,20.0,20.0,,,,
127,54.32283605232578,60.0,20.0,-0.32536671829701963,-27.20955107829421,110.77159360818338,183.49304039686504
128,54.32283605232578,100.0,20.0,42.88969823603259,38.17804246386901,143.61841134243437,196.90605456688655
129,54.32283605232578,140.0,20.0,35.72430709006691,-88.56646305553183,151.62825654067927,169.94023209155023
130,54.32283605232578,180.0,20.0,-16.121648787488027,-123.64895248537758,123.93684499826813,186.95827890323494
131,54.32283605232578,220.0,20.0,-40.724433009942395,-85.38775629222499,172.32623172986013,153.06038851405248
132,54.32283605232578,260.0,20.0,-80.42719137473019,-28.135683629366834,168.5180766610297,125.22952145781323
133,54.32283605232578,300.0,20.0,-114.20296887866785,-54.419130433719964,220.12023076419385,143.8654252860056
134,54.32283605232578,340.0,20.0,-80.35526117662144,-98.81898068501964,174.757841929141,139.93632328983304
135,54.32283605232578,20.0,40.0,,,,
136,54.32283605232578,60.0,40.0,-45.799591423132846,-2.1828123368272587,140.40807965068672,194.5135845391207
137,54.32283605232578,100.0,40.0,-67.9974460677396,17.724475511942888,174.9261248479985,171.93589389591568
138,54.32283605232578,140.0,40.0,-77.58509514061956,-79.62650498998966,267.1758187204479,248.38168557338992
139,54.32283605232578,180.0,40.0,-73.24214481378321,-115.6778679193,194.2896681499698,160.55975933432399
140,54.32283605232578,220.0,40.0,-70.67000498555853,-83.00929904948535,156.65227979723588,134.8291563351245
141,54.32283605232578,260.0,40.0,-108.62039387584662,-65.62699711810022,217.7290330588064,154.3576572281388
142,54.32283605232578,300.0,40.0,-107.22765913604638,-89.98401758285212,210.4312550703594,206.59706911792227
143,54.32283605232578,340.0,40.0,-102.64737697744269,-120.725945537953,245.76459325774061,350.8296650984019
144,54.32283605232578,20.0,60.0,,,,
145,54.32283605232578,60.0,60.0,-56.34792769229602,-20.55743044844413,148.05963513577322,169.1319205255319
146,54.32283605232578,100.0,60.0,-70.17244637811837,-6.196005671770824,173.17679521389235,134.98191113407563
147,54.32283605232578,140.0,60.0,-100.3176862808638,-28.394501966044913,176.1397970869367,98.954710831428
148,54.32283605232578,180.0,60.0,-93.86782720645586,-98.95197415914338,233.4215260870944,190.1329446546302
149,54.32283605232578,220.0,60.0,-76.96168656908809,-88.96093291688491,174.6757243247457,132.67103264152763
150,54.32283605232578,260.0,60.0,-129.93879721390118,-63.51070091849385,223.10649012106,158.8286081594102
151,54.32283605232578,300.0,60.0,-99.00512344244584,-71.54615523546904,189.1972392048062,151.26022109320215
152,54.32283605232578,340.0,60.0,-105.38262274796129,-62.312969269321734,176.71245921569866,146.92641167004714
153,54.32283605232578,20.0,80.0,,,,
154,54.32283605232578,60.0,80.0,-82.64836888996518,-65.40316536941084,221.38009336698983,158.9979042139971
155,54.32283605232578,100.0,80.0,-64.24549637933276,-79.73444638481504,181.57467827677095,156.3130840252926
156,54.32283605232578,140.0,80.0,-129.7241198152272,-34.047869113176134,177.54011269424063,151.2932352401262
157,54.32283605232578,180.0,80.0,28.344396374363512,-203.59688600460728,583.2660082016115,805.5573054921199
158,54.32283605232578,220.0,80.0,-90.36438330284224,-76.51073533940526,197.973262276367,131.79796234251432
159,54.32283605232578,260.0,80.0,-113.55356262466975,-97.04380838630605,220.34208004949323,138.9435863059037
160,54.32283605232578,300.0,80.0,-129.0239413258104,-88.01949280349494,189.9300857828758,211.93762478667003
161,54.32283605232578,340.0,80.0,-25.917855288537517,-140.75823736171986,353.02800500875196,343.85739842939086
162,64.9534069314007,20.0,-80.0,,,,
163,64.9534069314007,60.0,-80.0,128.91634005096356,-59.53568331219796,241.7756393664397,116.04728771316971
164,64.9534069314007,100.0,-80.0,86.92955188090632,-73.95272799416334,175.15280836530684,172.0501043572006
165,64.9534069314007,140.0,-80.0,82.91638056430804,-69.64145034613735,162.86896099097115,148.4947148617195
166,64.9534069314007,180.0,-80.0,99.13108348659138,-82.60176197321879,181.65432553691988,151.30736793623188
167,64.9534069314007,220.0,-80.0,102.25103039975968,-51.9003314740884,185.54228791996732,157.76022626764356
168,64.9534069314007,260.0,-80.0,113.10914173933489,-34.95619277898439,152.58166165651392,128.8851522823429
169,64.9534069314007,300.0,-80.0,147.34481212502936,-126.2508092155078,266.3411491023073,271.7604776390507
170,64.9534069314007,340.0,-80.0,145.868720192152,-80.75076841861326,622.5929840187655,272.5054882800899
171,64.9534069314007,20.0,-60.0,,,,
172,64.9534069314007,60.0,-60.0,77.64181939721665,-59.58600048614342,176.58949279514079,114.7264906034655
173,64.9534069314007,100.0,-60.0,75.72254150641369,-90.80647066025584,217.64206858510474,159.44686487730038
174,64.9534069314007,140.0,-60.0,49.52833832003312,-83.16817983202121,240.80876555889589,191.6244387988974
175,64.9534069314007,180.0,-60.0,80.18180424129142,-54.008641388188785,149.08022396627388,131.8313740031845
176,64.9534069314007,220.0,-60.0,89.50609783805865,-42.965175527062094,154.5869061553475,189.4474814600626
177,64.9534069314007,260.0,-60.0,105.04143374930116,34.817831344868715,285.1026965576752,161.4210960774935
178,64.9534069314007,300.0,-60.0,114.538174439238,-9.268002923912567,188.05470211635864,144.69390241087004
179,64.9534069314007,340.0,-60.0,77.58993225515955,-89.84341127971122,171.32932873228805,138.4818335000793
180,64.9534069314007,20.0,-40.0,,,,
181,64.9534069314007,60.0,-40.0,88.85502096357727,-69.20690011837135,170.65101022930338,142.5051928835072
182,64.9534069314007,100.0,-40.0,83.36116326771786,-65.09221543150612,183.94971531195702,123.28338417928414
183,64.9534069314007,140.0,-40.0,98.82021299851345,-66.70917476278477,156.81460924588987,99.82243874967504
184,64.9534069314007,180.0,-40.0,78.98778664133874,-85.18857373851858,181.80442653169334,222.27349389426456
185,64.9534069314007,220.0,-40.0,44.47313531431174,-46.75868881350541,167.44842246144424,224.66854729173733
186,64.9534069314007,260.0,-40.0,76.47894951571959,33.349318682323734,365.468216716348,339.3124797491078
187,64.9534069314007,300.0,-40.0,71.99169126928163,-19.34472541090321,188.57079208402064,172.15076410182294
188,64.9534069314007,340.0,-40.0,60.80056269475794,-105.57099530975665,256.14503046291685,202.07106482339853
189,64.9534069314007,20.0,-20.0,,,,
190,64.9534069314007,60.0,-20.0,62.86774123780959,-43.53380565263529,149.08069489041546,145.18473295796014
191,64.9534069314007,100.0,-20.0,84.07562768118612,-33.6012982178758,221.9283214098042,122.80499190602681
192,64.9534069314007,140.0,-20.0,79.07024564956981,-84.78088979409,190.59481168170586,155.2002428254296
193,64.9534069314007,180.0,-20.0,72.49364058634923,-69.68655551832835,123.62601574178514,119.69789884322758
194,64.9534069314007,220.0,-20.0,21.04372049966694,-46.857208389550415,120.40761031803139,187.6961554899153
195,64.9534069314007,260.0,-20.0,-2.2753219912937306,28.517717549608584,115.57658193938008,179.0737236155207
196,64.9534069314007,300.0,-20.0,-44.854327981207874,-6.900422156134874,138.34430094661292,162.9385798279277
197,64.9534069314007,340.0,-20.0,2.051087196120473,-94.0667688065607,101.3990564461096,130.05510709681695
198,64.9534069314007,20.0,0.0,,,,
199,64.9534069314007,60.0,0.0,28.66664522385498,-32.11588735841074,147.55758530978696,160.6912216643349
200,64.9534069314007,100.0,0.0,89.78107019826872,15.717005871086194,311.3137216168118,251.97969857703094
201,64.9534069314007,140.0,0.0,80.7771318347879,-88.2949351177919,253.64854885047833,161.8946390521127
202,64.9534069314007,180.0,0.0,18.817781901391143,-102.03430281667725,103.37682632261165,126.4008612648485
203,64.9534069314007,220.0,0.0,-20.7161232233736,-50.257375148714516,110.57934200644834,122.63324201487869
204,64.9534069314007,260.0,0.0,-43.20421164935878,5.7171094733063885,138.77606845125263,169.16728146656448
205,64.9534069314007,300.0,0.0,-98.33196995382374,-40.739311530482894,175.37451574253404,128.7292801139246
206,64.9534069314007,340.0,0.0,-41.93595769273187,-106.55575397667353,167.36057622179612,149.69455728613505
207,64.9534069314007,20.0,20.0,,,,
208,64.9534069314007,60.0,20.0,-2.629206947322398,-13.925638188381242,102.96913500822025,171.05448573226707
209,64.9534069314007,100.0,20.0,33.326243541184866,38.02185600686297,128.261762953883,172.14669887341537
210,64.9534069314007,140.0,20.0,31.749705961250623,-79.67534733172526,134.52685632630772,150.23864998677803
211,64.9534069314007,180.0,20.0,-12.974119535935948,-109.89003425075678,110.38967025872059,164.91573011073766
212,64.9534069314007,220.0,20.0,-35.81287211466653,-76.00291831618328,152.4711843675834,138.57897941010452
213,64.9534069314007,260.0,20.0,-73.69639614796137,-20.381896269122084,152.64486769238928,112.42295368972658
214,64.9534069314007,300.0,20.0,-103.25157641016986,-48.39754369106407,195.2068244178839,124.21534043118689
215,64.9534069314007,340.0,20.0,-71.16081439882998,-88.51017817224466,152.96913059674458,124.25981656501607
216,64.9534069314007,20.0,40.0,,,,
217,64.9534069314007,60.0,40.0,-31.76035922670984,12.523526020319665,123.41488407243986,166.79895705309
218,64.9534069314007,100.0,40.0,-57.65365921195953,14.276170246283742,155.28308436051427,155.46665186771614
219,64.9534069314007,140.0,40.0,-71.51193253219797,-67.97016017109125,232.57291013160562,214.1768677215931
220,64.9534069314007,180.0,40.0,-63.42934696961171,-103.70363603503029,174.25742815410217,147.93361203625386
221,64.9534069314007,220.0,40.0,-63.02057880007461,-68.52802475135219,141.8447566107859,124.18276095877407
222,64.9534069314007,260.0,40.0,-95.20495347887908,-57.32421150075359,195.84330932455708,137.45636380406674
223,64.9534069314007,300.0,40.0,-97.03394734383791,-75.67567107511056,187.06949535886457,179.44974552428388
224,64.9534069314007,340.0,40.0,-92.48737761403443,-99.60465799961527,217.3847582721091,293.2664804037366
225,64.9534069314007,20.0,60.0,,,,
226,64.9534069314007,60.0,60.0,-49.30473414935896,3.396754643006284,136.2594459446225,147.86986824448988
227,64.9534069314007,100.0,60.0,-71.83277437185004,-2.3102560725206263,150.65401512398032,122.83594523660733
228,64.9534069314007,140.0,60.0,-88.92314952808407,-30.237917316795922,161.04816548014813,93.45815347645672
229,64.9534069314007,180.0,60.0,-88.84088407421014,-89.83046700951411,205.5609839541095,168.71922196844235
230,64.9534069314007,220.0,60.0,-67.65766758020274,-85.54579311404146,159.07685361985645,123.51848385471439
231,64.9534069314007,260.0,60.0,-109.56068005385113,-65.29664250412264,201.36906431813907,142.8424251832163
232,64.9534069314007,300.0,60.0,-91.6035555412274,-60.4543669295109,160.6594047648765,127.16876333130644
233,64.9534069314007,340.0,60.0,-91.71200322217422,-57.09261989954279,160.45716195477874,131.96688861213903
234,64.9534069314007,20.0,80.0,,,,
235,64.9534069314007,60.0,80.0,-52.19959534586542,-58.72173157408969,211.69283432078674,115.74234998203838
236,64.9534069314007,100.0,80.0,-42.464540110896955,-62.125141402376364,160.87027957312802,136.61544268833012
237,64.9534069314007,140.0,80.0,-93.25369524463494,-31.596905544291587,161.89222287913984,129.84122848890635
238,64.9534069314007,180.0,80.0,-6.463620634163305,-138.38170556309785,478.6683624438254,661.0340399355244
239,64.9534069314007,220.0,80.0,-94.12031560641232,-64.35774203208926,174.63226151939622,119.44479598302308
240,64.9534069314007,260.0,80.0,-105.28148828558275,-78.32146223839194,187.1875459344215,121.75041018007859
241,64.9534069314007,300.0,80.0,-120.31844351437722,-77.5936136058586,175.40169264424966,194.99483299094604
242,64.9534069314007,340.0,80.0,-44.39020075003963,-114.5160278131974,318.31648116674126,306.61335373245953
243,72.82520513597609,20.0,-80.0,,,,
244,72.82520513597609,60.0,-80.0,169.4964454991451,-51.52265469385821,290.91920127292116,137.86344931317177
245,72.82520513597609,100.0,-80.0,90.50387996356724,-66.04982991950122,165.00101865586768,156.4197067254647
246,72.82520513597609,140.0,-80.0,76.28121609958211,-61.95241676077211,150.66030159044388,140.37720602099256
247,72.82520513597609,180.0,-80.0,99.0594202618353,-72.6968448061228,170.4545702419749,141.85683699050574
248,72.82520513597609,220.0,-80.0,86.85827177388967,-41.68982840966889,165.84430462512884,142.14930638860358
249,72.82520513597609,260.0,-80.0,94.31669671702905,-38.95060512647158,148.28110913829295,118.8986772176257
250,72.82520513597609,300.0,-80.0,110.35300520608224,-91.72515288317919,229.64785648770246,225.64715222591224
251,72.82520513597609,340.0,-80.0,128.39250973412007,-69.12869928180082,565.7314829945545,249.8608152779211
252,72.82520513597609,20.0,-60.0,,,,
253,72.82520513597609,60.0,-60.0,52.17063189054675,-77.6012903970422,164.64496467914788,180.89341365533858
254,72.82520513597609,100.0,-60.0,72.17109221445982,-78.68914343178248,196.39043628028415,146.54099766788949
255,72.82520513597609,140.0,-60.0,45.85878269222829,-76.1383119281439,211.9048573760235,169.6613820534272
256,72.82520513597609,180.0,-60.0,76.68086182834135,-52.0564339324638,139.55617699330307,120.26677719106284
257,72.82520513597609,220.0,-60.0,86.60809916691923,-38.18411248687691,149.76333416606576,175.52518040830913
258,72.82520513597609,260.0,-60.0,92.00274121105355,23.4263556123381,259.58104663880073,149.76406163714714
259,72.82520513597609,300.0,-60.0,102.77082475318409,-12.19175877946483,174.45082216279124,134.92682583721495
260,72.82520513597609,340.0,-60.0,69.73819849199462,-79.35300055940994,162.0733060792751,127.90948342342128
261,72.82520513597609,20.0,-40.0,,,,
262,72.82520513597609,60.0,-40.0,82.68446060187239,-54.910481769753076,160.9808504009599,134.4001157857073
263,72.82520513597609,100.0,-40.0,76.49943073982503,-60.526537141605075,170.85384963133035,114.87732254001237
264,72.82520513597609,140.0,-40.0,88.05390579800458,-62.52077449052708,148.6497824790592,92.93785678167872
265,72.82520513597609,180.0,-40.0,70.16857752126754,-75.51632281695474,166.5885963866418,198.20414287573794
266,72.82520513597609,220.0,-40.0,40.994694204846056,-39.95820929617255,148.6560241675702,198.91540110942924
267,72.82520513597609,260.0,-40.0,66.80755198116086,27.57556066084229,325.8133096046811,302.99479259909225
268,72.82520513597609,300.0,-40.0,65.73774919596772,-18.423010338768254,174.47325140163727,160.9223743630362
269,72.82520513597609,340.0,-40.0,55.51573647557562,-97.74845592695097,230.2337185272124,182.9469271632727
270,72.82520513597609,20.0,-20.0,,,,
271,72.82520513597609,60.0,-20.0,66.42894016594984,-24.291745509860647,144.3522959720543,114.38013894864453
272,72.82520513597609,100.0,-20.0,76.8821971910169,-30.92157863584895,203.1077899260931,112.37901458243029
273,72.82520513597609,140.0,-20.0,74.3349591075642,-78.0065967908761,175.741318148912,143.49788308288493
274,72.82520513597609,180.0,-20.0,64.47587928387175,-65.65764794101499,118.2764521910183,112.81680060801338
275,72.82520513597609,220.0,-20.0,18.211051478103013,-42.31281473562503,108.51959614028985,169.02429713439628
276,72.82520513597609,260.0,-20.0,-1.3103601066258457,25.209092372891867,106.35562216499959,163.7504051554944
277,72.82520513597609,300.0,-20.0,-39.96512307588386,-6.013777094964389,126.53872196128155,150.90661034776676
278,72.82520513597609,340.0,-20.0,1.7948330992960573,-89.93278098693185,94.22494971279004,122.26250468005257
279,72.82520513597609,20.0,0.0,,,,
280,72.82520513597609,60.0,0.0,30.659099357179517,-20.895326985705204,111.88701346941583,124.61419520953686
281,72.82520513597609,100.0,0.0,79.85474329483294,13.298433301525996,280.5785972086634,227.78504885199143
282,72.82520513597609,140.0,0.0,75.32940244476369,-81.11597706746933,231.9881041717688,148.2515278585757
283,72.82520513597609,180.0,0.0,18.606725289269104,-92.60524682248503,95.60837779435057,117.3729336379971
284,72.82520513597609,220.0,0.0,-18.697341980861307,-46.81998677129856,101.65000171029952,114.41706484741326
285,72.82520513597609,260.0,0.0,-43.43666989067694,7.918146279527267,125.45809675580391,152.13867983785633
286,72.82520513597609,300.0,0.0,-90.35851727923507,-36.805070852926086,162.23699066245337,118.50505972117836
287,72.82520513597609,340.0,0.0,-38.842998563219076,-97.79766315108509,150.1481246718595,137.29353991645743
288,72.82520513597609,20.0,20.0,,,,
289,72.82520513597609,60.0,20.0,-1.2238229454935736,6.043544867984505,89.14675894906185,141.29851991798918
290,72.82520513597609,100.0,20.0,29.057436788150792,35.06057356301566,120.05600303957081,160.7898403379213
291,72.82520513597609,140.0,20.0,29.133554174293874,-71.8822498399814,123.88139953772847,141.35981982389055
292,72.82520513597609,180.0,20.0,-13.502238451040434,-99.64289808097958,100.53625484794124,149.77167354048052
293,72.82520513597609,220.0,20.0,-30.756968799861795,-71.28490137460253,139.18312321104716,129.64584169334472
294,72.82520513597609,260.0,20.0,-67.70914163811625,-19.289076677547296,142.70047891189208,106.70742222319481
295,72.82520513597609,300.0,20.0,-93.87284052325143,-42.98478240837579,179.16394829651725,113.87382810428137
296,72.82520513597609,340.0,20.0,-64.13599296578732,-81.45672121710027,140.6793473002852,113.87940463193594
297,72.82520513597609,20.0,40.0,,,,
298,72.82520513597609,60.0,40.0,-29.92110745000576,20.84856847326995,88.07401536180028,165.37728220392015
299,72.82520513597609,100.0,40.0,-52.160536946756025,10.0581542743146,140.64226690783508,143.91173063891043
300,72.82520513597609,140.0,40.0,-69.63261637440887,-59.97537135784782,208.76258766494877,190.7419995108133
301,72.82520513597609,180.0,40.0,-57.8857629490364,-93.50256993475283,157.951544601376,136.11670172996443
302,72.82520513597609,220.0,40.0,-56.74539975269727,-65.0031151602498,134.04788934824825,120.93763398264295
303,72.82520513597609,260.0,40.0,-88.30232038827273,-52.40755538634122,178.7083285767875,129.3060124948651
304,72.82520513597609,300.0,40.0,-88.46518485576516,-65.77542368497707,173.05668546330895,161.7814928403013
305,72.82520513597609,340.0,40.0,-89.63031676826849,-87.51434855310092,196.31160743662187,258.10836719567595
306,72.82520513597609,20.0,60.0,,,,
307,72.82520513597609,60.0,60.0,-59.56881800999057,4.020277754220246,104.86659874277805,126.98538869462503
308,72.82520513597609,100.0,60.0,-68.17659947741353,-6.525453334646113,139.0006806663028,113.90007335596876
309,72.82520513597609,140.0,60.0,-78.7243544780006,-30.26113071618453,154.9117071551462,93.38569950603484
310,72.82520513597609,180.0,60.0,-79.20573505921476,-83.23833949191113,189.21441153614015,156.2493828406873
311,72.82520513597609,220.0,60.0,-61.807304903583734,-76.2270415187126,146.20562119878252,115.12647325949808
312,72.82520513597609,260.0,60.0,-99.68733758407082,-60.81361651938312,186.5754929035168,137.52293966361074
313,72.82520513597609,300.0,60.0,-84.71845148530532,-56.426309766045186,149.3494094134326,118.5421691895074
314,72.82520513597609,340.0,60.0,-82.72337860990287,-54.09722438580647,150.42398084144884,120.83813918209019
315,72.82520513597609,20.0,80.0,,,,
316,72.82520513597609,60.0,80.0,-38.454952036772355,-22.497261722757003,198.60060889551195,68.90661890458242
317,72.82520513597609,100.0,80.0,-42.99192365874931,-62.792040428712575,147.6203876010175,127.33524650222516
318,72.82520513597609,140.0,80.0,-82.28817131518969,-32.52352559297641,153.5937663725889,122.78792689827412
319,72.82520513597609,180.0,80.0,-16.46895298429108,-113.02559778255899,422.12914109318444,581.4745515199387
320,72.82520513597609,220.0,80.0,-77.95907869417945,-70.8695372512032,161.94366830809307,135.0228775247618
321,72.82520513597609,260.0,80.0,-99.64911604574483,-67.40007761200079,173.0992504034341,115.81977305205402
322,72.82520513597609,300.0,80.0,-113.45206209256287,-64.04508988690881,163.04196596985517,179.21850871590348
323,72.82520513597609,340.0,80.0,-45.38494895084548,-94.4345496951965,287.1263664828396,277.8689303034843
324,79.26067599061884,20.0,-80.0,,,,
325,79.26067599061884,60.0,-80.0,141.3409963400161,-18.13224451434123,213.2783672111286,73.36991125896779
326,79.26067599061884,100.0,-80.0,85.6552268880968,-65.36573347756774,157.43728200161732,152.7295807634014
327,79.26067599061884,140.0,-80.0,75.13687218695674,-56.77327547430772,145.1599058562511,133.59671448898067
328,79.26067599061884,180.0,-80.0,91.91568662382399,-71.76227152494133,164.71022113778628,136.19186535428744
329,79.26067599061884,220.0,-80.0,78.80143578138404,-38.05818578806116,155.80471062304264,135.40975008832535
330,79.26067599061884,260.0,-80.0,86.99218970737499,-34.04459522714505,141.30074095639685,109.96517884963076
331,79.26067599061884,300.0,-80.0,94.21624830510962,-74.77976834673075,206.60290283038864,204.15001205066844
332,79.26067599061884,340.0,-80.0,122.81941985331935,-62.99184748756469,513.8075249587112,229.05065692385386
333,79.26067599061884,20.0,-60.0,,,,
334,79.26067599061884,60.0,-60.0,48.22593981111678,-115.21322026833077,130.19926111893338,240.8290600701473
335,79.26067599061884,100.0,-60.0,67.83965501110333,-69.66687807062115,182.21575127064796,136.5455620519639
336,79.26067599061884,140.0,-60.0,50.09299956836436,-68.25555319548883,192.32769321724356,155.17636311426367
337,79.26067599061884,180.0,-60.0,69.76940773596533,-50.280124444019876,133.37743382199076,112.99287814777226
338,79.26067599061884,220.0,-60.0,81.30842328252378,-33.09161035882642,140.79333264243468,162.89909154730242
339,79.26067599061884,260.0,-60.0,83.4923257862108,15.672076260853526,240.5351953252239,141.05792755213602
340,79.26067599061884,300.0,-60.0,90.93484158046897,-12.57089389768663,165.75069612556788,126.05168580175734
341,79.26067599061884,340.0,-60.0,68.98837680976932,-69.24416386706858,151.66467065141282,120.35827422755182
342,79.26067599061884,20.0,-40.0,,,,
343,79.26067599061884,60.0,-40.0,64.2748355446808,-71.93948116189945,147.931892467445,130.96042518309523
344,79.26067599061884,100.0,-40.0,71.10810730574848,-55.2781567165409,160.25803184402662,108.18621838483249
345,79.26067599061884,140.0,-40.0,82.77829350429334,-59.37955214390173,142.07969195522824,89.21288980888951
346,79.26067599061884,180.0,-40.0,63.681543477193586,-70.54035202239997,155.48673655542214,183.19435074952864
347,79.26067599061884,220.0,-40.0,38.39459184368898,-37.22602716869036,137.87040037899297,184.04103584709424
348,79.26067599061884,260.0,-40.0,61.42037905553585,25.294152892441854,300.69233680106424,280.03572592603524
349,79.26067599061884,300.0,-40.0,61.30277467218626,-18.30287532245015,165.29782226051984,154.03012595202105
350,79.26067599061884,340.0,-40.0,52.8125905611094,-91.88690954505039,213.45600604065376,171.4702210560733
351,79.26067599061884,20.0,-20.0,,,,
352,79.26067599061884,60.0,-20.0,73.07573509427456,-30.122847539497087,148.75907562652066,105.84843961960462
353,79.26067599061884,100.0,-20.0,72.9267566933145,-30.06750003977226,191.46509663783084,106.7523218366879
354,79.26067599061884,140.0,-20.0,67.38734306670924,-70.99284354791304,162.63095746322657,131.72351295765316
355,79.26067599061884,180.0,-20.0,58.68006196404411,-63.89007446902636,113.8469799148466,107.10008249775397
356,79.26067599061884,220.0,-20.0,16.74709424769451,-38.81103877356271,101.58074630241526,156.66115559593567
357,79.26067599061884,260.0,-20.0,-1.2633934795985162,23.31020484508965,99.99416514724264,156.86779423443227
358,79.26067599061884,300.0,-20.0,-41.64868595792738,-3.3288630723114467,121.2674943321063,144.72112629480765
359,79.26067599061884,340.0,-20.0,-0.024538097290926715,-86.4827019845218,90.46923657008928,115.89919826781492
360,79.26067599061884,20.0,0.0,,,,
361,79.26067599061884,60.0,0.0,40.86057186230622,-27.768116398421846,95.59036066347305,111.62692916870635
362,79.26067599061884,100.0,0.0,70.64424857857496,9.45944783170136,254.39630565201173,206.7991373309825
363,79.26067599061884,140.0,0.0,71.43883122042321,-76.84224635036084,215.7996237951723,139.75071267963753
364,79.26067599061884,180.0,0.0,16.978948901389757,-86.98855278380289,90.45241814983463,112.62066415921572
365,79.26067599061884,220.0,0.0,-16.340330604976426,-44.36843682169755,95.00392468214548,107.76143173879063
366,79.26067599061884,260.0,0.0,-44.25541915044418,11.094619721139743,117.34125361522665,141.810093522013
367,79.26067599061884,300.0,0.0,-85.19700619082212,-33.73440158265621,152.6740080321899,111.83431650915519
368,79.26067599061884,340.0,0.0,-36.026562982076264,-91.84787354445574,140.87797250065177,129.60263252734
369,79.26067599061884,20.0,20.0,,,,
370,79.26067599061884,60.0,20.0,2.4840645055773103,-1.7928341094679199,71.91631782449247,134.85572597540084
371,79.26067599061884,100.0,20.0,26.453055577277606,35.144127813179544,114.17551441242148,149.62167401010106
372,79.26067599061884,140.0,20.0,27.51018314505341,-66.15247082682006,115.38683344303445,131.1686684894659
373,79.26067599061884,180.0,20.0,-11.141541662066961,-93.28231821812513,95.6660180011469,140.55018140594234
374,79.26067599061884,220.0,20.0,-30.808594402683493,-65.01644393628835,128.1268861038994,119.92514917050707
375,79.26067599061884,260.0,20.0,-63.40682504853283,-18.880322107109684,132.47520754436894,100.25390468964274
376,79.26067599061884,300.0,20.0,-87.78910896629006,-40.57790881786532,168.77796714372104,107.36168369532882
377,79.26067599061884,340.0,20.0,-61.43129558541378,-77.26601376670259,130.76013632914587,107.39261295479042
378,79.26067599061884,20.0,40.0,,,,
379,79.26067599061884,60.0,40.0,-3.8264902988343388,4.2004418422239125,81.86874253694525,164.81601124877815
380,79.26067599061884,100.0,40.0,-48.96453795062857,11.21959188915376,133.63184517885156,135.72183237061876
381,79.26067599061884,140.0,40.0,-67.75390771721112,-54.193469993202804,192.60164321014616,175.34197606346896
382,79.26067599061884,180.0,40.0,-53.19480685156414,-87.32237920453576,148.20063771671408,127.73306846834883
383,79.26067599061884,220.0,40.0,-53.65447177696742,-60.870560373948464,125.80703707870579,114.44233722494523
384,79.26067599061884,260.0,40.0,-79.21979142044201,-49.185108516530235,168.078765426351,121.18261483472222
385,79.26067599061884,300.0,40.0,-82.47466613253874,-57.9017508253889,161.72088888733663,151.87663816606485
386,79.26067599061884,340.0,40.0,-82.94636074469082,-79.40234217850812,181.5808147916293,236.46995515665674
387,79.26067599061884,20.0,60.0,,,,
388,79.26067599061884,60.0,60.0,-56.818782618593424,27.881057465401618,101.26414461268213,123.7864216051423
389,79.26067599061884,100.0,60.0,-61.63135741520044,-5.6080398072901465,129.63188076964516,106.60080714679316
390,79.26067599061884,140.0,60.0,-75.20465942271419,-31.472465181335945,146.4024862109956,88.64904359713279
391,79.26067599061884,180.0,60.0,-75.54181034007189,-74.01873501804559,176.09183339369488,146.5365387498148
392,79.26067599061884,220.0,60.0,-62.52638265092257,-70.19647525547015,138.53838931768018,109.50226772224394
393,79.26067599061884,260.0,60.0,-94.43185170793495,-63.489144003459195,182.5874594851098,135.78327663507375
394,79.26067599061884,300.0,60.0,-80.62622168218955,-55.49072598272877,141.5314811520268,112.60652461894513
395,79.26067599061884,340.0,60.0,-78.48853621629934,-54.76370605992164,148.89415053881308,118.44897856695663
396,79.26067599061884,20.0,80.0,,,,
397,79.26067599061884,60.0,80.0,30.996806344202646,-77.63930934769074,151.1982627582758,92.58783772510786
398,79.26067599061884,100.0,80.0,-48.16712617227263,-57.408741386630346,143.01720851327426,121.48064317802199
399,79.26067599061884,140.0,80.0,-78.09902874310428,-34.17498128280461,148.44744794389618,116.31885787693497
400,79.26067599061884,180.0,80.0,-22.09345626792135,-100.47183667827379,393.5560568825793,542.2211796568297
401,79.26067599061884,220.0,80.0,-71.45940014413107,-64.26090058770974,154.36162562966302,124.87073086928375
402,79.26067599061884,260.0,80.0,-98.4674937798062,-61.96969178680574,165.56588300791122,109.23711632089216
403,79.26067599061884,300.0,80.0,-104.72609349480243,-59.62460224900084,151.91008964821094,163.3552360802944
404,79.26067599061884,340.0,80.0,-52.77004840623502,-83.2124962592294,263.94322906131345,251.98299522846216
405,84.78255780898937,20.0,-80.0,,,,
406,84.78255780898937,60.0,-80.0,,,,
407,84.78255780898937,100.0,-80.0,86.69508708142716,-64.12044979001283,152.8056957071775,149.0139712679359
408,84.78255780898937,140.0,-80.0,76.96570787405264,-55.67012052044234,140.81295294599826,127.98700951460025
409,84.78255780898937,180.0,-80.0,85.81714608446289,-64.46683568146044,156.35399560721606,129.51108446639893
410,84.78255780898937,220.0,-80.0,75.14582934775135,-38.52755188559549,150.34743189399552,129.7532169442582
411,84.78255780898937,260.0,-80.0,83.06474842819273,-37.133356031125764,148.16768864455582,124.59538354081018
412,84.78255780898937,300.0,-80.0,90.07374048494518,-67.09992831265433,194.35806226045165,192.02001759990992
413,84.78255780898937,340.0,-80.0,106.84844914023711,-66.80167427235978,468.1553436197646,218.14580072949164
414,84.78255780898937,20.0,-60.0,,,,
415,84.78255780898937,60.0,-60.0,,,,
416,84.78255780898937,100.0,-60.0,62.53923462514879,-65.29819975755242,172.9850078654302,129.35476102251206
417,84.78255780898937,140.0,-60.0,50.99398812790566,-65.96681246610305,185.02461167710285,149.40294426328768
418,84.78255780898937,180.0,-60.0,67.64251776390738,-48.68760990855941,126.92521817777056,108.69149046455354
419,84.78255780898937,220.0,-60.0,75.90618900978099,-30.782269398643294,134.63586043822042,154.0809130855467
420,84.78255780898937,260.0,-60.0,74.98469010506682,9.34977604117406,221.4336913263985,133.29117259095813
421,84.78255780898937,300.0,-60.0,85.26949362743872,-15.027673104519407,156.87290323216715,120.60043108966329
422,84.78255780898937,340.0,-60.0,67.28578453521575,-67.25209752336796,145.63935376359615,114.54905298302582
423,84.78255780898937,20.0,-40.0,,,,
424,84.78255780898937,60.0,-40.0,,,,
425,84.78255780898937,100.0,-40.0,64.83665319148264,-53.125287982786894,154.9317874620396,105.67066507319383
426,84.78255780898937,140.0,-40.0,76.40408074758844,-57.68822659567902,135.4061795199674,87.04526194280038
427,84.78255780898937,180.0,-40.0,61.34313717200033,-66.60284209321844,148.85481098959949,173.26188771231227
428,84.78255780898937,220.0,-40.0,36.820245025338714,-34.824966094592554,128.45567213954476,171.38836029758335
429,84.78255780898937,260.0,-40.0,56.47021825880819,23.7616090076551,280.7615960713468,262.1168890630648
430,84.78255780898937,300.0,-40.0,56.57147315036999,-16.963368528153694,156.44868921706544,145.61779935952762
431,84.78255780898937,340.0,-40.0,48.43114784626635,-85.51272380495857,200.17900499625514,161.3075341476694
432,84.78255780898937,20.0,-20.0,,,,
433,84.78255780898937,60.0,-20.0,,,,
434,84.78255780898937,100.0,-20.0,69.26305170071105,-31.113931987385143,180.78161365139383,104.70975424637992
435,84.78255780898937,140.0,-20.0,64.35872333015159,-67.51034554816736,154.5816923350933,124.66021527680891
436,84.78255780898937,180.0,-20.0,55.01632911041045,-63.05314448580922,108.6339657828159,102.58487822235485
437,84.78255780898937,220.0,-20.0,16.581592536399196,-36.05233869678939,96.20556476223292,147.85291261286113
438,84.78255780898937,260.0,-20.0,-1.105839354461496,22.199810385594557,97.04906297368986,150.29270740910897
439,84.78255780898937,300.0,-20.0,-40.45294111367112,-3.081595237258355,115.565094838582,136.930399355253
440,84.78255780898937,340.0,-20.0,-1.0156261487201728,-84.79534961587153,86.54036053483104,114.5344148368771
441,84.78255780898937,20.0,0.0,,,,
442,84.78255780898937,60.0,0.0,,,,
443,84.78255780898937,100.0,0.0,65.43051365875333,7.966195237191214,240.78485263451043,194.49785164030737
444,84.78255780898937,140.0,0.0,65.50289484350643,-71.4886053654649,203.49208858929848,133.37553478300273
445,84.78255780898937,180.0,0.0,16.044920575297883,-82.0452101077344,86.18803129769859,106.54804340321513
446,84.78255780898937,220.0,0.0,-15.63104476326886,-43.06089361647753,90.60293190253199,104.572546333199
447,84.78255780898937,260.0,0.0,-41.729377937157395,10.124863521733817,110.89656067448529,133.91821283201716
448,84.78255780898937,300.0,0.0,-80.65923859368462,-29.633340661629752,145.9276159637299,106.56639455536744
449,84.78255780898937,340.0,0.0,-34.684958967946024,-86.8503155505379,132.2717132186814,122.23037729712047
450,84.78255780898937,20.0,20.0,,,,
451,84.78255780898937,60.0,20.0,,,,
452,84.78255780898937,100.0,20.0,26.749168198796696,30.398188127556146,108.85793018445644,140.93221580416815
453,84.78255780898937,140.0,20.0,25.866879433809675,-63.86662933851147,109.44011529691458,126.9744257720899
454,84.78255780898937,180.0,20.0,-9.404119799038398,-88.6025065204698,91.09775483013804,132.58073217077393
455,84.78255780898937,220.0,20.0,-30.546337137784143,-62.72510990321811,121.99557377593344,119.01420363013065
456,84.78255780898937,260.0,20.0,-59.861027911694535,-19.085504560254826,126.08931245136162,95.80125291342155
457,84.78255780898937,300.0,20.0,-82.91900243308258,-39.77523867116322,161.62087386772862,103.33260773930648
458,84.78255780898937,340.0,20.0,-58.665114029959675,-72.84003495501699,124.41219088976635,102.10784516403808
459,84.78255780898937,20.0,40.0,,,,
460,84.78255780898937,60.0,40.0,,,,
461,84.78255780898937,100.0,40.0,-44.726847980091975,10.915731467099612,127.30835848069069,128.73003943604388
462,84.78255780898937,140.0,40.0,-60.54120638703434,-51.17809436896717,179.41763071290487,162.6399774765261
463,84.78255780898937,180.0,40.0,-47.421265118843074,-81.43573278157487,139.17540293730514,120.85314287908852
464,84.78255780898937,220.0,40.0,-51.49021141609215,-58.17113140296295,119.362959318494,108.61822979142883
465,84.78255780898937,260.0,40.0,-77.22238679385923,-46.009082106408265,160.74233297465753,115.05674452572184
466,84.78255780898937,300.0,40.0,-78.0384306976985,-53.61843570809986,151.72080361898364,140.24902885879243
467,84.78255780898937,340.0,40.0,-80.01632855042479,-74.09046224556197,170.82458880970023,220.65588966199473
468,84.78255780898937,20.0,60.0,,,,
469,84.78255780898937,60.0,60.0,,,,
470,84.78255780898937,100.0,60.0,-64.2007220534004,-3.264202439679821,128.72534251202666,101.93781580203866
471,84.78255780898937,140.0,60.0,-70.52533915581812,-33.78105945986955,139.8628476096515,91.37527920012558
472,84.78255780898937,180.0,60.0,-71.69741776008324,-70.96689964656295,165.6474325848026,137.23916738330084
473,84.78255780898937,220.0,60.0,-60.37447489790505,-66.70769681038279,130.58472524404803,104.03143652482608
474,84.78255780898937,260.0,60.0,-88.36533923010317,-56.34221763340753,171.68080086380772,128.0803250369487
475,84.78255780898937,300.0,60.0,-75.44505022347296,-50.64055041595105,135.2125095878635,106.69321690787501
476,84.78255780898937,340.0,60.0,-76.67488786999778,-50.411356139438375,140.82776464817482,113.55415121843747
477,84.78255780898937,20.0,80.0,,,,
478,84.78255780898937,60.0,80.0,,,,
479,84.78255780898937,100.0,80.0,-49.486180750980324,-53.27646542505846,136.15058363824937,117.4891142788812
480,84.78255780898937,140.0,80.0,-76.75140970857993,-33.95810868602707,143.2334288569261,109.55824075285113
481,84.78255780898937,180.0,80.0,-23.41976399659428,-89.16504131335799,355.8602314099051,489.5136417605154
482,84.78255780898937,220.0,80.0,-65.75866908165393,-59.92094577011321,146.00411633286126,117.61729293690003
483,84.78255780898937,260.0,80.0,-88.27743096849844,-59.54206467249654,159.7161979021834,103.8875605289958
484,84.78255780898937,300.0,80.0,-94.64676943979501,-55.4299457437156,143.67613747409348,151.83302543028532
485,84.78255780898937,340.0,80.0,-47.394320906957645,-77.20358747824761,246.7885061739468,235.14603066804574
486,89.66109284316687,20.0,-80.0,,,,
487,89.66109284316687,60.0,-80.0,,,,
488,89.66109284316687,100.0,-80.0,82.05616253611271,-62.51109431840595,130.20458294027281,140.86670756687525
489,89.66109284316687,140.0,-80.0,73.83653430477166,-55.08946426442444,133.71656750619857,121.5812021812141
490,89.66109284316687,180.0,-80.0,83.17135877918805,-59.868615759228334,150.73113659049193,125.97669480007971
491,89.66109284316687,220.0,-80.0,68.66090901446495,-42.753567147205786,146.0995586624447,126.9579206444328
492,89.66109284316687,260.0,-80.0,76.3444991520203,-35.401283293080944,141.6804232985251,117.33581160506087
493,89.66109284316687,300.0,-80.0,81.63389729548226,-61.27041054009059,185.6082984315772,181.45226723309293
494,89.66109284316687,340.0,-80.0,96.87666207373051,-64.28935368987057,442.55582095967753,206.5647675542848
495,89.66109284316687,20.0,-60.0,,,,
496,89.66109284316687,60.0,-60.0,,,,
497,89.66109284316687,100.0,-60.0,64.57586299325112,-59.20897350817072,157.68434491112535,116.8336494975458
498,89.66109284316687,140.0,-60.0,51.14659189204426,-63.25385691741428,175.9471905677918,141.9586990213066
499,89.66109284316687,180.0,-60.0,64.44785545370434,-46.903245005330376,122.95292190258903,104.0793224018155
500,89.66109284316687,220.0,-60.0,71.14723275330716,-30.903952151622104,129.87152081001364,148.93627432720965
501,89.66109284316687,260.0,-60.0,69.86996681136131,6.593248114163903,211.10636531060467,128.48701297695507
502,89.66109284316687,300.0,-60.0,83.53095583670574,-15.994796014615611,153.62541504617474,116.7132468387012
503,89.66109284316687,340.0,-60.0,64.72929064567475,-64.24102883588974,139.60304206104738,109.56810482627662
504,89.66109284316687,20.0,-40.0,,,,
505,89.66109284316687,60.0,-40.0,,,,
506,89.66109284316687,100.0,-40.0,64.32132298014896,-51.35108930069346,144.96167011535792,104.64317483782634
507,89.66109284316687,140.0,-40.0,70.90603886985382,-54.802711439180214,129.78709788059032,83.47936056643826
508,89.66109284316687,180.0,-40.0,58.865790560548284,-63.40831707637945,142.2240443085826,165.4126355006007
509,89.66109284316687,220.0,-40.0,35.50073550273564,-32.98063246312165,120.73651437388096,160.23959093261982
510,89.66109284316687,260.0,-40.0,53.40016450589064,23.116736939896356,264.2801009002537,247.82390611498533
511,89.66109284316687,300.0,-40.0,54.52728584537233,-17.635553209521703,150.3474362610823,139.36572563515296
512,89.66109284316687,340.0,-40.0,44.89825063028033,-80.93179354365962,189.4756129506168,153.16615172811316
513,89.66109284316687,20.0,-20.0,,,,
514,89.66109284316687,60.0,-20.0,,,,
515,89.66109284316687,100.0,-20.0,67.60863701617504,-31.743501169537403,178.41110140512419,98.486636740685
516,89.66109284316687,140.0,-20.0,59.98380243719999,-64.50151958591611,147.53763012681944,118.41545615795678
517,89.66109284316687,180.0,-20.0,53.08462937975462,-62.1311079815741,105.48719648105876,99.08919137865531
518,89.66109284316687,220.0,-20.0,16.118203654527047,-34.41024440397619,91.49073950318082,140.18842340372476
519,89.66109284316687,260.0,-20.0,-1.5733503682457404,20.70822593528082,91.99246813362005,142.84697747944435
520,89.66109284316687,300.0,-20.0,-39.94638515445872,-2.2044445805319994,112.12870124949202,130.6535843737951
521,89.66109284316687,340.0,-20.0,-0.8261621534020626,-81.6432679474496,82.74981963811501,110.00329431646162
522,89.66109284316687,20.0,0.0,,,,
523,89.66109284316687,60.0,0.0,,,,
524,89.66109284316687,100.0,0.0,55.5887296123128,-0.8691659248361727,149.74373715409257,123.92655954540884
525,89.66109284316687,140.0,0.0,60.67602176387686,-68.31127380791432,192.59667079418446,126.96052907119133
526,89.66109284316687,180.0,0.0,15.823704002128624,-78.07281017163201,82.57045936244563,102.25550156438392
527,89.66109284316687,220.0,0.0,-14.892018376974388,-40.436600374994775,86.62038649718085,100.45719774300494
528,89.66109284316687,260.0,0.0,-40.188017160414844,9.874399326010286,105.98119104034338,128.0517694945944
529,89.66109284316687,300.0,0.0,-76.87450109518704,-28.72520717046249,139.88270534106792,101.38908545632214
530,89.66109284316687,340.0,0.0,-32.25282356442871,-82.32987267464927,125.13836428300716,116.70964315634234
531,89.66109284316687,20.0,20.0,,,,
532,89.66109284316687,60.0,20.0,,,,
533,89.66109284316687,100.0,20.0,28.024161770126067,31.01962474665647,107.13139391768146,134.29717638144118
534,89.66109284316687,140.0,20.0,24.089144082922544,-62.00309284729728,104.96171959120224,122.77666726256403
535,89.66109284316687,180.0,20.0,-9.609988571541775,-83.85133511357549,87.4055979018458,127.33815733889435
536,89.66109284316687,220.0,20.0,-29.118295787942834,-60.34293563622921,115.14150957336867,113.18834218804697
537,89.66109284316687,260.0,20.0,-57.75797547659171,-18.432796961218738,121.6295863189663,92.91416494176885
538,89.66109284316687,300.0,20.0,-80.86793655783805,-36.611847146779766,156.878889849103,98.61763326404325
539,89.66109284316687,340.0,20.0,-55.701670631754695,-69.40038572301371,118.91093918180844,97.19648238238484
540,89.66109284316687,20.0,40.0,,,,
541,89.66109284316687,60.0,40.0,,,,
542,89.66109284316687,100.0,40.0,-47.53556921285013,13.484668908552543,124.37755289738875,121.17509592507808
543,89.66109284316687,140.0,40.0,-57.662611892171135,-48.58529663402193,171.659215754305,154.87237132003816
544,89.66109284316687,180.0,40.0,-45.24153853169404,-77.48437713504899,132.74691299261406,115.75563581584741
545,89.66109284316687,220.0,40.0,-48.836495458781926,-55.737475928764646,114.93667303007956,104.43223296271775
546,89.66109284316687,260.0,40.0,-73.82642437474311,-44.422013016607515,153.25655357674694,110.81416814947394
547,89.66109284316687,300.0,40.0,-73.88835274971085,-50.131508794240126,145.44706890219334,133.74004622263212
548,89.66109284316687,340.0,40.0,-76.529616368308,-68.91486267837496,162.67865319897885,208.89513778018446
549,89.66109284316687,20.0,60.0,,,,
550,89.66109284316687,60.0,60.0,,,,
551,89.66109284316687,100.0,60.0,-62.66498096583146,-4.712687201183901,126.57658078975282,102.22930721271722
552,89.66109284316687,140.0,60.0,-67.99239641184371,-32.93855663554804,133.28897484461953,88.17630263078594
553,89.66109284316687,180.0,60.0,-66.88759825365305,-68.9314708691461,158.8237790171777,131.0330078371281
554,89.66109284316687,220.0,60.0,-57.41752798370126,-66.34500790428265,126.03603681033088,106.35758071199115
555,89.66109284316687,260.0,60.0,-81.32161912566194,-53.604614204574155,164.2803667099756,121.97236566649906
556,89.66109284316687,300.0,60.0,-74.086533447603,-48.42841380353563,129.82058980405833,101.53905883463565
557,89.66109284316687,340.0,60.0,-72.3897726019627,-47.6798012066072,135.20337325182618,108.77455301387172
558,89.66109284316687,20.0,80.0,,,,
559,89.66109284316687,60.0,80.0,,,,
560,89.66109284316687,100.0,80.0,-51.52726051142723,-45.358992683886754,125.51998384010282,114.5515661647011
561,89.66109284316687,140.0,80.0,-74.2929426423873,-31.91574706656971,137.95456915325227,104.51866230834511
562,89.66109284316687,180.0,80.0,-27.646528542013048,-81.55649343490047,334.01348993176015,458.4967161669377
563,89.66109284316687,220.0,80.0,-67.51454149023058,-60.402310802995245,151.24406915122572,122.70600784398104
564,89.66109284316687,260.0,80.0,-81.958417950912,-55.99811620626118,152.84537368201921,100.90788561226614
565,89.66109284316687,300.0,80.0,-90.88604048996392,-54.52732620689825,139.8340253399277,145.86980451471908
566,89.66109284316687,340.0,80.0,-51.272365463325265,-75.06246606282431,238.279274448778,225.2292049715958
567,94.05705528326553,20.0,-80.0,,,,
568,94.05705528326553,60.0,-80.0,,,,
569,94.05705528326553,100.0,-80.0,80.06745280508333,-62.25562876862528,124.61100417727542,141.3948360718525
570,94.05705528326553,140.0,-80.0,72.28075434852903,-55.44779610142243,130.83786888042482,117.90253430254039
571,94.05705528326553,180.0,-80.0,82.74024758057739,-55.34875610249545,147.8715309231804,122.3955226254064
572,94.05705528326553,220.0,-80.0,66.40921101539702,-34.31463736729688,141.54043003075572,122.1903296411645
573,94.05705528326553,260.0,-80.0,72.05530661702899,-34.47351662083442,136.0189917564691,110.88674323146168
574,94.05705528326553,300.0,-80.0,74.76768965591974,-58.78923886619858,177.3221489920581,172.0232129387793
575,94.05705528326553,340.0,-80.0,94.17129057252099,-60.692068932469866,418.2307132761456,196.0019785828518
576,94.05705528326553,20.0,-60.0,,,,
577,94.05705528326553,60.0,-60.0,,,,
578,94.05705528326553,100.0,-60.0,63.18094518823438,-56.22358889982831,140.92459914377105,115.04239891145998
579,94.05705528326553,140.0,-60.0,50.85761610470255,-60.82038253691787,169.07917667453748,136.41699765906498
580,94.05705528326553,180.0,-60.0,59.34269705432255,-45.11275347878521,118.39784858199381,99.65483949873963
581,94.05705528326553,220.0,-60.0,67.76604965861321,-30.01936664384405,124.45390124567481,142.31394222155174
582,94.05705528326553,260.0,-60.0,65.98433799128043,5.195096950191549,198.79650443929677,122.10178276432609
583,94.05705528326553,300.0,-60.0,79.4847802725131,-15.090991800707881,148.2944731501949,112.3385121467406
584,94.05705528326553,340.0,-60.0,60.76365395845892,-60.567666867992216,134.68010454821282,106.03559768193955
585,94.05705528326553,20.0,-40.0,,,,
586,94.05705528326553,60.0,-40.0,,,,
587,94.05705528326553,100.0,-40.0,60.97609872215763,-50.03934523858776,141.68009201943735,102.36624699188451
588,94.05705528326553,140.0,-40.0,67.69232798117356,-52.48679019963046,125.28154834686038,80.84966237848134
589,94.05705528326553,180.0,-40.0,55.42117820310021,-61.836375078758934,136.63041768825698,158.2080147605431
590,94.05705528326553,220.0,-40.0,34.9329173748707,-31.45741386490352,116.6478946356978,154.02433249377793
591,94.05705528326553,260.0,-40.0,50.8389243719543,22.861261279719542,252.65989845730098,237.76490858513247
592,94.05705528326553,300.0,-40.0,52.728716985486194,-15.673288574094679,144.37127693288448,133.98046229494358
593,94.05705528326553,340.0,-40.0,42.10445467349643,-78.21030239903816,181.60609276633116,148.34514251128064
594,94.05705528326553,20.0,-20.0,,,,
595,94.05705528326553,60.0,-20.0,,,,
596,94.05705528326553,100.0,-20.0,66.97012241107663,-31.01569608576421,177.80872222072074,94.72478703479437
597,94.05705528326553,140.0,-20.0,57.76013564009673,-62.288555509680265,141.1564988339727,112.80960945606357
598,94.05705528326553,180.0,-20.0,50.86288643422139,-60.489892547659444,103.08602646091123,96.23366777680431
599,94.05705528326553,220.0,-20.0,15.165700117994023,-32.316911539909604,87.8360254379296,134.01097122600336
600,94.05705528326553,260.0,-20.0,-1.8911293837299086,21.342046408919973,88.69342350120586,139.3329269562347
601,94.05705528326553,300.0,-20.0,-38.09653730561557,-2.8072813455071945,107.76602792677025,125.45934017212143
602,94.05705528326553,340.0,-20.0,-0.8922360052111928,-79.07428218857157,79.2219436626834,106.11315799673851
603,94.05705528326553,20.0,0.0,,,,
604,94.05705528326553,60.0,0.0,,,,
605,94.05705528326553,100.0,0.0,55.07292090126807,0.1943464681850545,150.3900636980111,117.09950817593972
606,94.05705528326553,140.0,0.0,56.18049159058734,-64.79536460355195,181.89954108560758,120.2727147214511
607,94.05705528326553,180.0,0.0,14.910268699454408,-74.71687283161155,79.69622989725933,98.34992738865401
608,94.05705528326553,220.0,0.0,-13.893744724865531,-38.47095604845768,83.12405163116456,97.07865681381814
609,94.05705528326553,260.0,0.0,-39.59178014108713,9.120991181484934,101.73454608883792,123.12389700056116
610,94.05705528326553,300.0,0.0,-72.6985083214079,-26.56551274710019,134.62560637323944,97.00689128786956
611,94.05705528326553,340.0,0.0,-31.632120902005468,-80.15909752179928,119.10120987690566,111.6045104320742
612,94.05705528326553,20.0,20.0,,,,
613,94.05705528326553,60.0,20.0,,,,
614,94.05705528326553,100.0,20.0,28.96739446639274,31.4004906355697,107.49977254761819,131.4592631853188
615,94.05705528326553,140.0,20.0,23.62366089408603,-60.27125860976346,101.30547129554496,118.6775632109554
616,94.05705528326553,180.0,20.0,-9.639727352392944,-81.92840655149728,84.86880998855787,123.31979379488797
617,94.05705528326553,220.0,20.0,-27.002408110717546,-58.453751483709944,110.13077864175511,108.67998147671513
618,94.05705528326553,260.0,20.0,-56.407553534479085,-18.369908691350577,118.42313843173066,90.56450416242784
619,94.05705528326553,300.0,20.0,-77.38651741583548,-36.04456325267832,151.204346641925,94.58644211478929
620,94.05705528326553,340.0,20.0,-53.54209179551835,-65.72840024950945,113.74927123700867,93.51331911272823
621,94.05705528326553,20.0,40.0,,,,
622,94.05705528326553,60.0,40.0,,,,
623,94.05705528326553,100.0,40.0,-46.18556964066807,12.54649233428629,120.13216618459688,111.95720860921097
624,94.05705528326553,140.0,40.0,-55.15004536597694,-46.81232804251421,164.31753275614818,148.16520403949116
625,94.05705528326553,180.0,40.0,-43.064929340766604,-75.42753254422307,128.50287882674456,112.54404130700377
626,94.05705528326553,220.0,40.0,-48.222047036804994,-54.487570224525385,112.0165843953464,101.09174957702817
627,94.05705528326553,260.0,40.0,-71.69076865090166,-42.75228021256071,147.71646414720567,107.37180828663728
628,94.05705528326553,300.0,40.0,-71.66846049809774,-48.47861458038171,144.5797904400575,127.38944493672986
629,94.05705528326553,340.0,40.0,-73.00270829272888,-65.63221049877092,155.63007705739102,198.09183747220354
630,94.05705528326553,20.0,60.0,,,,
631,94.05705528326553,60.0,60.0,,,,
632,94.05705528326553,100.0,60.0,-59.9941717450629,-7.405349135874995,114.1869671411685,98.14466723944494
633,94.05705528326553,140.0,60.0,-65.70414701816061,-31.992369280129505,128.3067810564176,86.1570364945271
634,94.05705528326553,180.0,60.0,-65.1540668099745,-68.37123537132364,153.49871702199133,127.8842192502256
635,94.05705528326553,220.0,60.0,-56.04798589534177,-64.13005561487235,121.18462085903212,103.36691729021457
636,94.05705528326553,260.0,60.0,-77.6084957087172,-51.38897193827716,158.650378158568,117.83833705273649
637,94.05705528326553,300.0,60.0,-69.96915904464025,-47.167793754517575,126.14385890257728,98.2841173034754
638,94.05705528326553,340.0,60.0,-70.4840656565541,-46.40989054140021,130.2006458364238,105.46378691724105
639,94.05705528326553,20.0,80.0,,,,
640,94.05705528326553,60.0,80.0,,,,
641,94.05705528326553,100.0,80.0,-62.42348287981682,-40.84455141829438,119.61320032666026,97.07611933422939
642,94.05705528326553,140.0,80.0,-72.08068175919178,-32.1010009674223,133.774655679767,101.38970881218313
643,94.05705528326553,180.0,80.0,-30.838339100859574,-76.96172916966451,321.4762861020964,441.88929002561787
644,94.05705528326553,220.0,80.0,-65.94148642952965,-57.01382187638541,145.85078674005678,118.51453686336323
645,94.05705528326553,260.0,80.0,-77.87994424881074,-54.779502077479165,147.3411451056077,96.79012674502098
646,94.05705528326553,300.0,80.0,-87.77770522331565,-54.036365036007254,137.24676850804573,140.80590639824047
647,94.05705528326553,340.0,80.0,-53.48520048326464,-68.42305423907933,228.78222889853808,216.72729403897242
648,98.07498567691351,20.0,-80.0,,,,
649,98.07498567691351,60.0,-80.0,,,,
650,98.07498567691351,100.0,-80.0,67.68405332335054,-54.99501003063037,121.18024704257031,110.30715308767265
651,98.07498567691351,140.0,-80.0,72.63431113834194,-51.35158696842466,127.756650023122,115.08680942604309
652,98.07498567691351,180.0,-80.0,79.42110588169626,-54.30405170366042,144.09404998710883,119.1971579764663
653,98.07498567691351,220.0,-80.0,68.19878736548823,-31.12937457022561,137.00295585376804,117.50170747273542
654,98.07498567691351,260.0,-80.0,69.66788228024863,-33.83621514810363,132.25257882956953,106.89492606072585
655,98.07498567691351,300.0,-80.0,73.28829515773558,-55.182073971634175,174.04451973835995,168.90570985044076
656,98.07498567691351,340.0,-80.0,86.4406567397276,-59.36841155276,395.50521662506554,185.9953359710816
657,98.07498567691351,20.0,-60.0,,,,
658,98.07498567691351,60.0,-60.0,,,,
659,98.07498567691351,100.0,-60.0,62.31051533431009,-55.71525740930437,133.50100168227112,106.45806164602038
660,98.07498567691351,140.0,-60.0,50.21414514729236,-58.68029922230078,163.33511348431307,132.27285336181322
661,98.07498567691351,180.0,-60.0,58.17063369315095,-44.27582541028393,116.14183030795738,98.08316623233357
662,98.07498567691351,220.0,-60.0,65.09387045792315,-28.514853282339587,120.66115296993291,137.21071413613498
663,98.07498567691351,260.0,-60.0,64.24747461756844,3.637029123921998,192.39340346961305,119.3988225274464
664,98.07498567691351,300.0,-60.0,76.87981197203678,-14.636022230845484,144.32761214335542,109.15906028842913
665,98.07498567691351,340.0,-60.0,59.88609098491269,-57.64818397747821,131.15034985796194,103.02819287533814
666,98.07498567691351,20.0,-40.0,,,,
667,98.07498567691351,60.0,-40.0,,,,
668,98.07498567691351,100.0,-40.0,61.596564747422185,-48.04540092040423,137.8039991309326,101.14054618514191
669,98.07498567691351,140.0,-40.0,63.71427229333676,-51.92598474077758,122.73632502475485,78.6370836071244
670,98.07498567691351,180.0,-40.0,54.43078534491209,-60.09363255672825,132.5332478139503,151.30415144078069
671,98.07498567691351,220.0,-40.0,34.347513129893485,-29.81924795534929,112.80863800727948,148.14238713426604
672,98.07498567691351,260.0,-40.0,48.305894266919125,21.559120226766996,244.0100580872596,229.92942345948643
673,98.07498567691351,300.0,-40.0,51.26383256872991,-15.446978217144107,140.16865113640642,130.23425564138282
674,98.07498567691351,340.0,-40.0,39.96070370003922,-75.65722244475958,175.10474507087247,142.92653417373026
675,98.07498567691351,20.0,-20.0,,,,
676,98.07498567691351,60.0,-20.0,,,,
677,98.07498567691351,100.0,-20.0,66.07952107297707,-31.55387630793893,176.34614831977976,92.05049191651247
678,98.07498567691351,140.0,-20.0,55.322196953167335,-60.31211647460239,136.27552931905313,108.26273224451188
679,98.07498567691351,180.0,-20.0,48.42644997080321,-59.100973595740804,99.88274550350341,93.38524183617824
680,98.07498567691351,220.0,-20.0,14.770587735078257,-31.51484672382442,84.91041241560156,129.41757193800314
681,98.07498567691351,260.0,-20.0,-1.7499797447533014,20.356591060554088,85.25948819743849,132.94997727456197
682,98.07498567691351,300.0,-20.0,-36.772459585512976,-3.276973746072802,104.35866453470987,121.33915190186198
683,98.07498567691351,340.0,-20.0,-0.9162340196416381,-75.99133746159916,75.89719189706045,102.6819464376324
684,98.07498567691351,20.0,0.0,,,,
685,98.07498567691351,60.0,0.0,,,,
686,98.07498567691351,100.0,0.0,54.48897305111913,-0.5338533679196119,150.93938993499222,113.4530312242169
687,98.07498567691351,140.0,0.0,53.28370020101263,-61.80730257816213,174.41600229732177,115.72679623105569
688,98.07498567691351,180.0,0.0,14.333614761421643,-72.44495922997419,77.60819976611981,95.38654790562322
689,98.07498567691351,220.0,0.0,-13.168369327276967,-36.84595272935405,80.34535909073796,94.09367028375645
690,98.07498567691351,260.0,0.0,-37.88348383669479,8.54449666938881,98.41493484395963,118.59976810701599
691,98.07498567691351,300.0,0.0,-69.90556509048002,-25.479142985227742,129.87859268806415,93.48610227638815
692,98.07498567691351,340.0,0.0,-30.635487064678216,-77.56349377046374,114.81945072626863,108.15540126111915
693,98.07498567691351,20.0,20.0,,,,
694,98.07498567691351,60.0,20.0,,,,
695,98.07498567691351,100.0,20.0,30.649927010336622,29.465098029318483,107.2217520703636,129.9752932559495
696,98.07498567691351,140.0,20.0,22.83160964849003,-58.42849752999297,98.51955582229529,114.67323263141056
697,98.07498567691351,180.0,20.0,-9.249204296524638,-79.32823803127464,82.70298427693287,119.74496959439229
698,98.07498567691351,220.0,20.0,-26.309780525751925,-56.532421651042135,106.18369852828975,105.32890583099787
699,98.07498567691351,260.0,20.0,-54.571001354687624,-17.679402995062144,114.45603838315851,87.70198434449242
700,98.07498567691351,300.0,20.0,-74.9761775832052,-34.72057751310342,145.06415549130375,91.37604837191485
701,98.07498567691351,340.0,20.0,-51.925569719597966,-62.4594145036757,109.72463021742921,90.63916055759704
702,98.07498567691351,20.0,40.0,,,,
703,98.07498567691351,60.0,40.0,,,,
704,98.07498567691351,100.0,40.0,-46.1011142875296,14.52219168716303,116.53489740625835,107.04153880619027
705,98.07498567691351,140.0,40.0,-52.71806385715094,-46.175202687033924,158.0299981676304,143.34272734528355
706,98.07498567691351,180.0,40.0,-39.78562099436625,-73.12086725830581,124.53719952804286,110.40716927448808
707,98.07498567691351,220.0,40.0,-46.302813601698745,-52.89559119079081,108.45122187492319,97.56919615008528
708,98.07498567691351,260.0,40.0,-69.49994467261396,-41.38811858490343,143.14225910612555,104.10187124344672
709,98.07498567691351,300.0,40.0,-70.30592310278523,-46.093655006160965,139.22217734503823,122.11292030556866
710,98.07498567691351,340.0,40.0,-70.30916642513498,-63.605722629773474,150.5553666490331,190.7040056530627
711,98.07498567691351,20.0,60.0,,,,
712,98.07498567691351,60.0,60.0,,,,
713,98.07498567691351,100.0,60.0,-58.39698185517746,-4.525706032233536,107.77843149338355,88.27726308441378
714,98.07498567691351,140.0,60.0,-63.093615927141315,-30.5327751467259,124.45107779181825,83.33930692195506
715,98.07498567691351,180.0,60.0,-63.5019658244469,-64.96777245816656,147.6197462303505,123.5453670222643
716,98.07498567691351,220.0,60.0,-55.499895891172464,-61.82611259885142,117.51266192819828,100.68221858686856
717,98.07498567691351,260.0,60.0,-73.32077658327168,-48.82674815635524,153.23683419703625,113.76541725763525
718,98.07498567691351,300.0,60.0,-68.5185013721829,-46.10682989111121,122.5014322035382,94.80174854437738
719,98.07498567691351,340.0,60.0,-69.35944812817753,-44.765333652098185,126.99141363373748,102.98547961482225
720,98.07498567691351,20.0,80.0,,,,
721,98.07498567691351,60.0,80.0,,,,
722,98.07498567691351,100.0,80.0,-64.95565192113793,-32.67964111601518,117.23148035007895,90.0142817409223
723,98.07498567691351,140.0,80.0,-70.74827743545112,-30.880494959177927,130.9706622532215,98.53336182886369
724,98.07498567691351,180.0,80.0,-31.981498000322187,-74.20719030114637,314.00008368310455,431.5616426668174
725,98.07498567691351,220.0,80.0,-65.4045816028958,-56.23416332007782,144.21916737222065,117.20140708510091
726,98.07498567691351,260.0,80.0,-71.9126326789402,-50.55013617813102,139.45674532390487,92.69843923399385
727,98.07498567691351,300.0,80.0,-84.39988240475648,-52.77825489609867,133.83214928493564,136.08521939370112
728,98.07498567691351,340.0,80.0,-51.872727291213785,-63.03218113452653,216.5267020444305,204.8758141657659
